date,quartier,humidite,sismicite,catastrophe
2170-01-01,1,0.7559999999999999,0.62,0
2170-01-01,3,0.7559999999999999,0.94,1
2170-01-01,4,0.7559999999999999,0.95,1
2170-01-01,2,0.7559999999999999,0.39,0
2170-01-01,5,0.7559999999999999,0.41,2
2171-01-01,1,0.778,0.66,1
2171-01-01,3,0.778,0.54,2
2171-01-01,4,0.778,0.74,0
2171-01-01,2,0.778,0.37,0
2171-01-01,5,0.778,0.5,0
2170-10-01,1,0.48700000000000004,0.92,1
2170-10-01,3,0.48700000000000004,0.84,3
2170-10-01,4,0.48700000000000004,0.86,1
2170-10-01,2,0.48700000000000004,0.54,2
2170-10-01,5,0.48700000000000004,0.48,2
2171-10-01,1,0.5379999999999999,0.5,0
2171-10-01,3,0.5379999999999999,0.55,2
2171-10-01,4,0.5379999999999999,0.55,0
2171-10-01,2,0.5379999999999999,0.54,2
2171-10-01,5,0.5379999999999999,0.34,2
2170-11-01,1,0.626,0.58,0
2170-11-01,3,0.626,0.56,0
2170-11-01,4,0.626,0.67,1
2170-11-01,2,0.626,0.43,2
2170-11-01,5,0.626,0.4,2
2171-11-01,1,0.588,0.69,1
2171-11-01,3,0.588,0.85,1
2171-11-01,4,0.588,0.71,1
2171-11-01,2,0.588,0.41,0
2171-11-01,5,0.588,0.54,0
2170-12-01,1,0.7070000000000001,0.53,0
2170-12-01,3,0.7070000000000001,0.69,3
2170-12-01,4,0.7070000000000001,0.55,0
2170-12-01,2,0.7070000000000001,0.62,2
2170-12-01,5,0.7070000000000001,0.49,2
2171-12-01,1,0.6609999999999999,0.8,0
2171-12-01,3,0.6609999999999999,0.71,0
2171-12-01,4,0.6609999999999999,0.82,0
2171-12-01,2,0.6609999999999999,0.7,2
2171-12-01,5,0.6609999999999999,0.33,2
2170-02-01,1,0.611,0.86,0
2170-02-01,3,0.611,0.78,3
2170-02-01,4,0.611,0.76,0
2170-02-01,2,0.611,0.41,2
2170-02-01,5,0.611,0.57,2
2171-02-01,1,0.6709999999999999,0.58,0
2171-02-01,3,0.6709999999999999,0.81,0
2171-02-01,4,0.6709999999999999,0.6,0
2171-02-01,2,0.6709999999999999,0.6,2
2171-02-01,5,0.6709999999999999,0.44,2
2170-03-01,1,0.639,0.91,1
2170-03-01,3,0.639,0.67,0
2170-03-01,4,0.639,0.84,1
2170-03-01,2,0.639,0.62,2
2170-03-01,5,0.639,0.68,2
2171-03-01,1,0.51,0.97,0
2171-03-01,3,0.51,0.63,0
2171-03-01,4,0.51,0.76,0
2171-03-01,2,0.51,0.56,2
2171-03-01,5,0.51,0.66,0
2170-04-01,1,0.41,0.6,0
2170-04-01,3,0.41,0.93,2
2170-04-01,4,0.41,1.0,1
2170-04-01,2,0.41,0.38,2
2170-04-01,5,0.41,0.66,0
2171-04-01,1,0.575,0.73,1
2171-04-01,3,0.575,0.98,2
2171-04-01,4,0.575,0.61,0
2171-04-01,2,0.575,0.65,0
2171-04-01,5,0.575,0.58,2
2170-05-01,1,0.682,0.85,0
2170-05-01,3,0.682,0.52,2
2170-05-01,4,0.682,0.94,0
2170-05-01,2,0.682,0.59,0
2170-05-01,5,0.682,0.68,2
2171-05-01,1,0.564,0.56,0
2171-05-01,3,0.564,0.53,2
2171-05-01,4,0.564,0.64,1
2171-05-01,2,0.564,0.65,2
2171-05-01,5,0.564,0.6,0
2170-06-01,1,0.48100000000000004,0.88,1
2170-06-01,3,0.48100000000000004,0.95,3
2170-06-01,4,0.48100000000000004,0.61,1
2170-06-01,2,0.48100000000000004,0.6,2
2170-06-01,5,0.48100000000000004,0.37,2
2171-06-01,1,0.365,0.6,0
2171-06-01,3,0.365,0.72,0
2171-06-01,4,0.365,0.53,0
2171-06-01,2,0.365,0.36,0
2171-06-01,5,0.365,0.66,0
2170-07-01,1,0.373,0.99,1
2170-07-01,3,0.373,0.51,2
2170-07-01,4,0.373,0.82,0
2170-07-01,2,0.373,0.52,2
2170-07-01,5,0.373,0.61,0
2171-07-01,1,0.36,0.89,1
2171-07-01,3,0.36,0.9,3
2171-07-01,4,0.36,0.62,0
2171-07-01,2,0.36,0.51,0
2171-07-01,5,0.36,0.66,2
2170-08-01,1,0.529,0.59,0
2170-08-01,3,0.529,0.68,1
2170-08-01,4,0.529,0.65,1
2170-08-01,2,0.529,0.62,2
2170-08-01,5,0.529,0.48,2
2171-08-01,1,0.308,0.92,0
2171-08-01,3,0.308,0.56,2
2171-08-01,4,0.308,0.9,1
2171-08-01,2,0.308,0.65,2
2171-08-01,5,0.308,0.39,2
2171-09-01,1,0.441,0.53,0
2171-09-01,3,0.441,0.66,0
2171-09-01,4,0.441,0.54,0
2171-09-01,2,0.441,0.7,0
2171-09-01,5,0.441,0.42,2
2170-01-10,1,0.6759999999999999,0.81,1
2170-01-10,3,0.6759999999999999,0.97,2
2170-01-10,4,0.6759999999999999,0.97,0
2170-01-10,2,0.6759999999999999,0.58,2
2170-01-10,5,0.6759999999999999,0.38,0
2171-01-10,1,0.7240000000000001,0.63,0
2171-01-10,3,0.7240000000000001,0.74,3
2171-01-10,4,0.7240000000000001,0.66,0
2171-01-10,2,0.7240000000000001,0.35,0
2171-01-10,5,0.7240000000000001,0.61,2
2170-10-10,1,0.654,0.56,0
2170-10-10,3,0.654,0.97,0
2170-10-10,4,0.654,0.74,0
2170-10-10,2,0.654,0.48,0
2170-10-10,5,0.654,0.32,2
2171-10-10,1,0.6779999999999999,0.56,0
2171-10-10,3,0.6779999999999999,0.7,3
2171-10-10,4,0.6779999999999999,0.88,0
2171-10-10,2,0.6779999999999999,0.64,2
2171-10-10,5,0.6779999999999999,0.35,2
2170-11-10,1,0.764,0.62,1
2170-11-10,3,0.764,0.74,0
2170-11-10,4,0.764,0.81,0
2170-11-10,2,0.764,0.34,2
2170-11-10,5,0.764,0.63,2
2171-11-10,1,0.643,0.89,1
2171-11-10,3,0.643,0.53,0
2171-11-10,4,0.643,0.76,0
2171-11-10,2,0.643,0.5,2
2171-11-10,5,0.643,0.43,2
2170-12-10,1,0.759,0.68,0
2170-12-10,3,0.759,0.76,0
2170-12-10,4,0.759,0.53,0
2170-12-10,2,0.759,0.34,2
2170-12-10,5,0.759,0.44,2
2171-12-10,1,0.599,0.69,0
2171-12-10,3,0.599,0.72,3
2171-12-10,4,0.599,0.94,1
2171-12-10,2,0.599,0.6,2
2171-12-10,5,0.599,0.51,2
2170-02-10,1,0.6629999999999999,0.83,0
2170-02-10,3,0.6629999999999999,0.81,2
2170-02-10,4,0.6629999999999999,0.53,0
2170-02-10,2,0.6629999999999999,0.58,2
2170-02-10,5,0.6629999999999999,0.57,0
2171-02-10,1,0.647,0.87,1
2171-02-10,3,0.647,0.64,2
2171-02-10,4,0.647,0.69,1
2171-02-10,2,0.647,0.57,2
2171-02-10,5,0.647,0.49,2
2170-03-10,1,0.562,0.64,1
2170-03-10,3,0.562,1.0,2
2170-03-10,4,0.562,0.59,0
2170-03-10,2,0.562,0.36,0
2170-03-10,5,0.562,0.36,2
2171-03-10,1,0.569,0.73,0
2171-03-10,3,0.569,0.72,3
2171-03-10,4,0.569,1.0,0
2171-03-10,2,0.569,0.52,2
2171-03-10,5,0.569,0.44,2
2170-04-10,1,0.5720000000000001,0.82,0
2170-04-10,3,0.5720000000000001,0.65,0
2170-04-10,4,0.5720000000000001,0.64,0
2170-04-10,2,0.5720000000000001,0.68,2
2170-04-10,5,0.5720000000000001,0.43,2
2171-04-10,1,0.439,0.84,1
2171-04-10,3,0.439,0.52,0
2171-04-10,4,0.439,0.71,1
2171-04-10,2,0.439,0.48,2
2171-04-10,5,0.439,0.66,0
2170-05-10,1,0.563,0.98,0
2170-05-10,3,0.563,0.78,0
2170-05-10,4,0.563,1.0,1
2170-05-10,2,0.563,0.43,2
2170-05-10,5,0.563,0.4,2
2171-05-10,1,0.494,0.72,1
2171-05-10,3,0.494,0.71,2
2171-05-10,4,0.494,0.66,0
2171-05-10,2,0.494,0.52,2
2171-05-10,5,0.494,0.54,2
2170-06-10,1,0.409,0.51,0
2170-06-10,3,0.409,0.9,3
2170-06-10,4,0.409,0.96,0
2170-06-10,2,0.409,0.45,2
2170-06-10,5,0.409,0.41,0
2171-06-10,1,0.37,0.51,0
2171-06-10,3,0.37,0.75,3
2171-06-10,4,0.37,0.85,0
2171-06-10,2,0.37,0.31,2
2171-06-10,5,0.37,0.43,2
2170-07-10,1,0.44299999999999995,0.63,1
2170-07-10,3,0.44299999999999995,0.73,2
2170-07-10,4,0.44299999999999995,0.79,0
2170-07-10,2,0.44299999999999995,0.64,2
2170-07-10,5,0.44299999999999995,0.39,2
2171-07-10,1,0.316,0.58,0
2171-07-10,3,0.316,0.93,2
2171-07-10,4,0.316,0.53,0
2171-07-10,2,0.316,0.45,0
2171-07-10,5,0.316,0.62,2
2171-08-10,1,0.214,0.78,0
2171-08-10,3,0.214,0.63,3
2171-08-10,4,0.214,0.91,0
2171-08-10,2,0.214,0.39,2
2171-08-10,5,0.214,0.34,2
2171-09-10,1,0.499,0.55,0
2171-09-10,3,0.499,0.76,2
2171-09-10,4,0.499,0.53,0
2171-09-10,2,0.499,0.57,2
2171-09-10,5,0.499,0.63,2
2170-01-11,1,0.6940000000000001,0.72,0
2170-01-11,3,0.6940000000000001,0.85,0
2170-01-11,4,0.6940000000000001,0.96,1
2170-01-11,2,0.6940000000000001,0.49,2
2170-01-11,5,0.6940000000000001,0.37,0
2171-01-11,1,0.602,0.79,0
2171-01-11,3,0.602,0.63,2
2171-01-11,4,0.602,0.99,1
2171-01-11,2,0.602,0.46,2
2171-01-11,5,0.602,0.31,2
2170-10-11,1,0.5870000000000001,0.88,0
2170-10-11,3,0.5870000000000001,0.94,0
2170-10-11,4,0.5870000000000001,0.62,1
2170-10-11,2,0.5870000000000001,0.59,2
2170-10-11,5,0.5870000000000001,0.67,2
2171-10-11,1,0.642,0.69,1
2171-10-11,3,0.642,0.76,0
2171-10-11,4,0.642,0.63,0
2171-10-11,2,0.642,0.5,0
2171-10-11,5,0.642,0.31,2
2170-11-11,1,0.7609999999999999,0.67,1
2170-11-11,3,0.7609999999999999,0.75,3
2170-11-11,4,0.7609999999999999,0.83,1
2170-11-11,2,0.7609999999999999,0.52,0
2170-11-11,5,0.7609999999999999,0.56,2
2171-11-11,1,0.67,0.58,0
2171-11-11,3,0.67,0.71,3
2171-11-11,4,0.67,0.76,0
2171-11-11,2,0.67,0.42,2
2171-11-11,5,0.67,0.64,2
2170-12-11,1,0.649,0.56,0
2170-12-11,3,0.649,0.76,1
2170-12-11,4,0.649,0.88,0
2170-12-11,2,0.649,0.65,2
2170-12-11,5,0.649,0.62,2
2171-12-11,1,0.607,0.51,0
2171-12-11,3,0.607,0.7,3
2171-12-11,4,0.607,0.84,0
2171-12-11,2,0.607,0.48,2
2171-12-11,5,0.607,0.37,0
2171-02-11,1,0.6890000000000001,0.58,0
2171-02-11,3,0.6890000000000001,0.84,1
2171-02-11,4,0.6890000000000001,0.55,0
2171-02-11,2,0.6890000000000001,0.69,0
2171-02-11,5,0.6890000000000001,0.33,0
2170-03-11,1,0.545,0.85,1
2170-03-11,3,0.545,0.7,3
2170-03-11,4,0.545,0.59,0
2170-03-11,2,0.545,0.46,2
2170-03-11,5,0.545,0.51,2
2171-03-11,1,0.579,0.9,1
2171-03-11,3,0.579,0.7,0
2171-03-11,4,0.579,0.63,1
2171-03-11,2,0.579,0.69,2
2171-03-11,5,0.579,0.5,2
2170-04-11,1,0.6459999999999999,0.83,0
2170-04-11,3,0.6459999999999999,0.57,2
2170-04-11,4,0.6459999999999999,0.83,0
2170-04-11,2,0.6459999999999999,0.63,2
2170-04-11,5,0.6459999999999999,0.57,0
2171-04-11,1,0.603,0.83,1
2171-04-11,3,0.603,0.95,0
2171-04-11,4,0.603,0.57,0
2171-04-11,2,0.603,0.62,0
2171-04-11,5,0.603,0.37,2
2170-05-11,1,0.598,0.73,0
2170-05-11,3,0.598,0.76,0
2170-05-11,4,0.598,0.92,1
2170-05-11,2,0.598,0.53,2
2170-05-11,5,0.598,0.57,2
2171-05-11,1,0.35700000000000004,0.59,0
2171-05-11,3,0.35700000000000004,0.91,3
2171-05-11,4,0.35700000000000004,0.59,0
2171-05-11,2,0.35700000000000004,0.51,0
2171-05-11,5,0.35700000000000004,0.65,0
2170-06-11,1,0.429,0.52,0
2170-06-11,3,0.429,0.74,2
2170-06-11,4,0.429,0.59,0
2170-06-11,2,0.429,0.63,2
2170-06-11,5,0.429,0.52,2
2171-06-11,1,0.35,0.51,0
2171-06-11,3,0.35,0.92,0
2171-06-11,4,0.35,0.52,0
2171-06-11,2,0.35,0.36,2
2171-06-11,5,0.35,0.68,2
2170-07-11,1,0.441,0.64,0
2170-07-11,3,0.441,0.77,0
2170-07-11,4,0.441,0.67,0
2170-07-11,2,0.441,0.63,2
2170-07-11,5,0.441,0.5,2
2171-07-11,1,0.326,0.59,0
2171-07-11,3,0.326,0.82,2
2171-07-11,4,0.326,0.76,1
2171-07-11,2,0.326,0.37,2
2171-07-11,5,0.326,0.58,2
2171-08-11,1,0.369,0.99,0
2171-08-11,3,0.369,0.84,0
2171-08-11,4,0.369,0.6,0
2171-08-11,2,0.369,0.49,2
2171-08-11,5,0.369,0.31,2
2171-09-11,1,0.336,0.94,0
2171-09-11,3,0.336,0.6,0
2171-09-11,4,0.336,0.61,0
2171-09-11,2,0.336,0.64,0
2171-09-11,5,0.336,0.56,2
2170-01-12,1,0.597,0.77,1
2170-01-12,3,0.597,0.66,2
2170-01-12,4,0.597,0.98,1
2170-01-12,2,0.597,0.53,2
2170-01-12,5,0.597,0.58,0
2171-01-12,1,0.677,0.91,1
2171-01-12,3,0.677,0.9,2
2171-01-12,4,0.677,0.92,1
2171-01-12,2,0.677,0.57,2
2171-01-12,5,0.677,0.66,0
2170-10-12,1,0.512,0.63,1
2170-10-12,3,0.512,0.85,0
2170-10-12,4,0.512,0.94,0
2170-10-12,2,0.512,0.58,2
2170-10-12,5,0.512,0.5,0
2171-10-12,1,0.609,0.81,0
2171-10-12,3,0.609,0.83,3
2171-10-12,4,0.609,0.7,0
2171-10-12,2,0.609,0.46,2
2171-10-12,5,0.609,0.5,2
2170-11-12,1,0.812,0.84,1
2170-11-12,3,0.812,0.85,3
2170-11-12,4,0.812,0.8,0
2170-11-12,2,0.812,0.34,0
2170-11-12,5,0.812,0.43,0
2171-11-12,1,0.632,0.88,0
2171-11-12,3,0.632,0.67,2
2171-11-12,4,0.632,0.84,1
2171-11-12,2,0.632,0.45,2
2171-11-12,5,0.632,0.59,2
2170-12-12,1,0.809,0.76,1
2170-12-12,3,0.809,0.93,2
2170-12-12,4,0.809,0.9,0
2170-12-12,2,0.809,0.49,2
2170-12-12,5,0.809,0.68,0
2171-12-12,1,0.6940000000000001,0.79,1
2171-12-12,3,0.6940000000000001,0.79,1
2171-12-12,4,0.6940000000000001,0.54,0
2171-12-12,2,0.6940000000000001,0.38,2
2171-12-12,5,0.6940000000000001,0.69,2
2170-02-12,1,0.643,0.89,0
2170-02-12,3,0.643,0.56,0
2170-02-12,4,0.643,0.73,1
2170-02-12,2,0.643,0.58,2
2170-02-12,5,0.643,0.56,0
2171-02-12,1,0.523,0.53,0
2171-02-12,3,0.523,0.9,0
2171-02-12,4,0.523,0.91,1
2171-02-12,2,0.523,0.37,0
2171-02-12,5,0.523,0.58,2
2170-03-12,1,0.599,0.81,1
2170-03-12,3,0.599,0.74,3
2170-03-12,4,0.599,0.85,0
2170-03-12,2,0.599,0.34,2
2170-03-12,5,0.599,0.51,2
2171-03-12,1,0.777,0.8,1
2171-03-12,3,0.777,0.68,0
2171-03-12,4,0.777,0.65,0
2171-03-12,2,0.777,0.41,2
2171-03-12,5,0.777,0.31,0
2170-04-12,1,0.519,0.84,0
2170-04-12,3,0.519,0.53,2
2170-04-12,4,0.519,0.51,0
2170-04-12,2,0.519,0.39,0
2170-04-12,5,0.519,0.57,2
2171-04-12,1,0.633,0.92,0
2171-04-12,3,0.633,0.78,3
2171-04-12,4,0.633,0.76,1
2171-04-12,2,0.633,0.66,0
2171-04-12,5,0.633,0.55,0
2170-05-12,1,0.532,0.72,0
2170-05-12,3,0.532,0.89,3
2170-05-12,4,0.532,0.8,0
2170-05-12,2,0.532,0.32,2
2170-05-12,5,0.532,0.65,2
2171-05-12,1,0.557,0.97,0
2171-05-12,3,0.557,0.92,2
2171-05-12,4,0.557,0.84,0
2171-05-12,2,0.557,0.65,2
2171-05-12,5,0.557,0.43,2
2170-06-12,1,0.46,0.76,0
2170-06-12,3,0.46,0.66,3
2170-06-12,4,0.46,0.77,0
2170-06-12,2,0.46,0.32,2
2170-06-12,5,0.46,0.53,2
2171-06-12,1,0.401,0.92,1
2171-06-12,3,0.401,0.63,3
2171-06-12,4,0.401,0.68,0
2171-06-12,2,0.401,0.57,2
2171-06-12,5,0.401,0.57,0
2170-07-12,1,0.636,0.57,0
2170-07-12,3,0.636,0.56,2
2170-07-12,4,0.636,0.55,0
2170-07-12,2,0.636,0.63,2
2170-07-12,5,0.636,0.7,0
2171-07-12,1,0.28600000000000003,0.82,0
2171-07-12,3,0.28600000000000003,0.84,3
2171-07-12,4,0.28600000000000003,0.6,0
2171-07-12,2,0.28600000000000003,0.5,2
2171-07-12,5,0.28600000000000003,0.66,2
2171-08-12,1,0.402,0.83,0
2171-08-12,3,0.402,0.77,0
2171-08-12,4,0.402,0.82,1
2171-08-12,2,0.402,0.45,2
2171-08-12,5,0.402,0.47,2
2171-09-12,1,0.541,0.98,1
2171-09-12,3,0.541,0.95,2
2171-09-12,4,0.541,0.8,0
2171-09-12,2,0.541,0.7,2
2171-09-12,5,0.541,0.67,2
2170-01-13,1,0.726,0.72,0
2170-01-13,3,0.726,0.81,3
2170-01-13,4,0.726,0.65,0
2170-01-13,2,0.726,0.65,2
2170-01-13,5,0.726,0.61,0
2171-01-13,1,0.746,0.93,0
2171-01-13,3,0.746,0.73,2
2171-01-13,4,0.746,0.88,0
2171-01-13,2,0.746,0.36,2
2171-01-13,5,0.746,0.39,2
2170-10-13,1,0.5670000000000001,0.94,0
2170-10-13,3,0.5670000000000001,0.5,2
2170-10-13,4,0.5670000000000001,0.71,0
2170-10-13,2,0.5670000000000001,0.68,0
2170-10-13,5,0.5670000000000001,0.52,0
2171-10-13,1,0.605,0.67,0
2171-10-13,3,0.605,0.64,1
2171-10-13,4,0.605,0.86,1
2171-10-13,2,0.605,0.68,2
2171-10-13,5,0.605,0.69,0
2170-11-13,1,0.665,0.82,0
2170-11-13,3,0.665,0.8,3
2170-11-13,4,0.665,0.51,0
2170-11-13,2,0.665,0.36,0
2170-11-13,5,0.665,0.33,2
2171-11-13,1,0.5870000000000001,0.86,0
2171-11-13,3,0.5870000000000001,0.58,2
2171-11-13,4,0.5870000000000001,0.67,0
2171-11-13,2,0.5870000000000001,0.55,0
2171-11-13,5,0.5870000000000001,0.64,2
2170-12-13,1,0.779,0.51,0
2170-12-13,3,0.779,0.74,0
2170-12-13,4,0.779,0.74,1
2170-12-13,2,0.779,0.68,2
2170-12-13,5,0.779,0.61,2
2171-12-13,1,0.728,0.57,0
2171-12-13,3,0.728,0.51,0
2171-12-13,4,0.728,0.52,0
2171-12-13,2,0.728,0.35,2
2171-12-13,5,0.728,0.64,0
2170-02-13,1,0.795,0.65,0
2170-02-13,3,0.795,0.85,0
2170-02-13,4,0.795,0.56,0
2170-02-13,2,0.795,0.46,0
2170-02-13,5,0.795,0.45,0
2171-02-13,1,0.608,0.88,1
2171-02-13,3,0.608,0.51,2
2171-02-13,4,0.608,0.73,1
2171-02-13,2,0.608,0.64,2
2171-02-13,5,0.608,0.63,2
2170-03-13,1,0.546,0.72,1
2170-03-13,3,0.546,0.85,3
2170-03-13,4,0.546,0.54,0
2170-03-13,2,0.546,0.45,2
2170-03-13,5,0.546,0.38,2
2171-03-13,1,0.778,0.8,1
2171-03-13,3,0.778,0.92,2
2171-03-13,4,0.778,0.56,0
2171-03-13,2,0.778,0.65,2
2171-03-13,5,0.778,0.44,2
2170-04-13,1,0.396,0.97,0
2170-04-13,3,0.396,0.54,2
2170-04-13,4,0.396,0.98,1
2170-04-13,2,0.396,0.69,2
2170-04-13,5,0.396,0.36,2
2171-04-13,1,0.789,0.62,1
2171-04-13,3,0.789,0.66,1
2171-04-13,4,0.789,0.51,0
2171-04-13,2,0.789,0.65,2
2171-04-13,5,0.789,0.34,2
2170-05-13,1,0.649,0.61,0
2170-05-13,3,0.649,0.64,3
2170-05-13,4,0.649,0.84,0
2170-05-13,2,0.649,0.53,0
2170-05-13,5,0.649,0.58,0
2171-05-13,1,0.5770000000000001,0.76,0
2171-05-13,3,0.5770000000000001,0.53,2
2171-05-13,4,0.5770000000000001,0.53,0
2171-05-13,2,0.5770000000000001,0.63,2
2171-05-13,5,0.5770000000000001,0.49,2
2170-06-13,1,0.431,0.83,0
2170-06-13,3,0.431,0.87,2
2170-06-13,4,0.431,0.94,0
2170-06-13,2,0.431,0.68,0
2170-06-13,5,0.431,0.61,2
2171-06-13,1,0.45299999999999996,0.76,1
2171-06-13,3,0.45299999999999996,0.95,0
2171-06-13,4,0.45299999999999996,0.8,1
2171-06-13,2,0.45299999999999996,0.63,2
2171-06-13,5,0.45299999999999996,0.66,2
2170-07-13,1,0.555,0.53,0
2170-07-13,3,0.555,0.9,2
2170-07-13,4,0.555,0.73,0
2170-07-13,2,0.555,0.5,2
2170-07-13,5,0.555,0.57,2
2171-07-13,1,0.255,0.6,0
2171-07-13,3,0.255,0.71,3
2171-07-13,4,0.255,0.72,0
2171-07-13,2,0.255,0.35,0
2171-07-13,5,0.255,0.38,2
2171-08-13,1,0.387,0.87,1
2171-08-13,3,0.387,1.0,0
2171-08-13,4,0.387,0.89,1
2171-08-13,2,0.387,0.59,0
2171-08-13,5,0.387,0.5,0
2171-09-13,1,0.499,0.65,0
2171-09-13,3,0.499,0.61,0
2171-09-13,4,0.499,0.69,0
2171-09-13,2,0.499,0.61,2
2171-09-13,5,0.499,0.7,2
2170-01-14,1,0.684,0.83,0
2170-01-14,3,0.684,0.58,2
2170-01-14,4,0.684,0.57,0
2170-01-14,2,0.684,0.56,0
2170-01-14,5,0.684,0.53,2
2171-01-14,1,0.7090000000000001,0.56,0
2171-01-14,3,0.7090000000000001,0.74,3
2171-01-14,4,0.7090000000000001,0.64,1
2171-01-14,2,0.7090000000000001,0.69,2
2171-01-14,5,0.7090000000000001,0.69,0
2170-10-14,1,0.502,0.65,1
2170-10-14,3,0.502,0.82,0
2170-10-14,4,0.502,0.57,0
2170-10-14,2,0.502,0.62,2
2170-10-14,5,0.502,0.65,2
2171-10-14,1,0.6559999999999999,0.87,1
2171-10-14,3,0.6559999999999999,0.55,2
2171-10-14,4,0.6559999999999999,0.52,0
2171-10-14,2,0.6559999999999999,0.45,0
2171-10-14,5,0.6559999999999999,0.41,2
2170-11-14,1,0.6759999999999999,0.65,1
2170-11-14,3,0.6759999999999999,0.94,0
2170-11-14,4,0.6759999999999999,0.81,1
2170-11-14,2,0.6759999999999999,0.63,2
2170-11-14,5,0.6759999999999999,0.44,2
2171-11-14,1,0.711,0.52,0
2171-11-14,3,0.711,0.92,3
2171-11-14,4,0.711,0.76,0
2171-11-14,2,0.711,0.3,2
2171-11-14,5,0.711,0.44,2
2170-12-14,1,0.69,0.74,1
2170-12-14,3,0.69,0.71,0
2170-12-14,4,0.69,0.71,1
2170-12-14,2,0.69,0.69,2
2170-12-14,5,0.69,0.38,2
2171-12-14,1,0.75,1.0,0
2171-12-14,3,0.75,0.6,0
2171-12-14,4,0.75,0.83,0
2171-12-14,2,0.75,0.36,2
2171-12-14,5,0.75,0.52,2
2170-02-14,1,0.445,0.95,1
2170-02-14,3,0.445,0.98,2
2170-02-14,4,0.445,0.78,1
2170-02-14,2,0.445,0.36,2
2170-02-14,5,0.445,0.55,0
2171-02-14,1,0.6579999999999999,0.84,0
2171-02-14,3,0.6579999999999999,0.97,0
2171-02-14,4,0.6579999999999999,0.9,0
2171-02-14,2,0.6579999999999999,0.49,2
2171-02-14,5,0.6579999999999999,0.46,2
2170-03-14,1,0.5670000000000001,0.84,1
2170-03-14,3,0.5670000000000001,0.91,2
2170-03-14,4,0.5670000000000001,0.76,1
2170-03-14,2,0.5670000000000001,0.32,2
2170-03-14,5,0.5670000000000001,0.5,2
2171-03-14,1,0.58,0.94,0
2171-03-14,3,0.58,0.75,0
2171-03-14,4,0.58,0.56,0
2171-03-14,2,0.58,0.61,0
2171-03-14,5,0.58,0.49,2
2170-04-14,1,0.408,0.93,1
2170-04-14,3,0.408,0.74,3
2170-04-14,4,0.408,0.73,1
2170-04-14,2,0.408,0.31,0
2170-04-14,5,0.408,0.67,2
2171-04-14,1,0.638,0.5,0
2171-04-14,3,0.638,0.75,2
2171-04-14,4,0.638,1.0,0
2171-04-14,2,0.638,0.54,2
2171-04-14,5,0.638,0.32,2
2170-05-14,1,0.48700000000000004,0.68,0
2170-05-14,3,0.48700000000000004,0.62,3
2170-05-14,4,0.48700000000000004,0.9,1
2170-05-14,2,0.48700000000000004,0.65,2
2170-05-14,5,0.48700000000000004,0.31,2
2171-05-14,1,0.527,0.51,0
2171-05-14,3,0.527,0.99,3
2171-05-14,4,0.527,0.74,0
2171-05-14,2,0.527,0.41,2
2171-05-14,5,0.527,0.56,2
2170-06-14,1,0.429,0.76,0
2170-06-14,3,0.429,0.55,2
2170-06-14,4,0.429,0.99,1
2170-06-14,2,0.429,0.39,0
2170-06-14,5,0.429,0.35,2
2171-06-14,1,0.337,0.58,0
2171-06-14,3,0.337,0.9,3
2171-06-14,4,0.337,0.67,1
2171-06-14,2,0.337,0.5,2
2171-06-14,5,0.337,0.65,2
2170-07-14,1,0.57,0.72,0
2170-07-14,3,0.57,0.62,2
2170-07-14,4,0.57,0.55,0
2170-07-14,2,0.57,0.51,2
2170-07-14,5,0.57,0.6,0
2171-07-14,1,0.385,0.87,0
2171-07-14,3,0.385,0.93,0
2171-07-14,4,0.385,0.62,0
2171-07-14,2,0.385,0.52,2
2171-07-14,5,0.385,0.43,0
2171-08-14,1,0.44,0.56,0
2171-08-14,3,0.44,0.54,0
2171-08-14,4,0.44,0.63,0
2171-08-14,2,0.44,0.45,2
2171-08-14,5,0.44,0.39,2
2171-09-14,1,0.466,0.97,1
2171-09-14,3,0.466,0.74,2
2171-09-14,4,0.466,0.91,0
2171-09-14,2,0.466,0.58,2
2171-09-14,5,0.466,0.43,0
2170-01-15,1,0.703,0.66,0
2170-01-15,3,0.703,0.86,2
2170-01-15,4,0.703,0.65,0
2170-01-15,2,0.703,0.36,2
2170-01-15,5,0.703,0.32,2
2171-01-15,1,0.5670000000000001,0.88,0
2171-01-15,3,0.5670000000000001,0.77,0
2171-01-15,4,0.5670000000000001,0.61,0
2171-01-15,2,0.5670000000000001,0.69,2
2171-01-15,5,0.5670000000000001,0.51,2
2170-10-15,1,0.581,0.99,0
2170-10-15,3,0.581,0.93,2
2170-10-15,4,0.581,0.69,0
2170-10-15,2,0.581,0.33,0
2170-10-15,5,0.581,0.65,2
2171-10-15,1,0.684,0.75,0
2171-10-15,3,0.684,0.75,3
2171-10-15,4,0.684,0.79,0
2171-10-15,2,0.684,0.48,0
2171-10-15,5,0.684,0.67,2
2170-11-15,1,0.711,0.99,0
2170-11-15,3,0.711,0.82,1
2170-11-15,4,0.711,0.88,1
2170-11-15,2,0.711,0.6,2
2170-11-15,5,0.711,0.31,2
2171-11-15,1,0.608,1.0,0
2171-11-15,3,0.608,0.97,0
2171-11-15,4,0.608,0.99,0
2171-11-15,2,0.608,0.69,2
2171-11-15,5,0.608,0.46,0
2170-12-15,1,0.748,0.76,1
2170-12-15,3,0.748,0.67,3
2170-12-15,4,0.748,0.99,1
2170-12-15,2,0.748,0.68,0
2170-12-15,5,0.748,0.64,0
2171-12-15,1,0.823,0.69,0
2171-12-15,3,0.823,0.73,0
2171-12-15,4,0.823,0.54,0
2171-12-15,2,0.823,0.68,2
2171-12-15,5,0.823,0.38,2
2170-02-15,1,0.647,0.69,0
2170-02-15,3,0.647,0.59,2
2170-02-15,4,0.647,0.92,0
2170-02-15,2,0.647,0.55,2
2170-02-15,5,0.647,0.49,2
2171-02-15,1,0.722,0.64,0
2171-02-15,3,0.722,0.77,0
2171-02-15,4,0.722,0.7,1
2171-02-15,2,0.722,0.58,0
2171-02-15,5,0.722,0.58,2
2170-03-15,1,0.726,0.65,1
2170-03-15,3,0.726,0.86,3
2170-03-15,4,0.726,0.9,1
2170-03-15,2,0.726,0.48,0
2170-03-15,5,0.726,0.55,2
2171-03-15,1,0.6409999999999999,0.87,0
2171-03-15,3,0.6409999999999999,0.83,3
2171-03-15,4,0.6409999999999999,0.66,1
2171-03-15,2,0.6409999999999999,0.48,0
2171-03-15,5,0.6409999999999999,0.34,2
2170-04-15,1,0.38299999999999995,0.91,1
2170-04-15,3,0.38299999999999995,0.59,0
2170-04-15,4,0.38299999999999995,0.73,0
2170-04-15,2,0.38299999999999995,0.37,0
2170-04-15,5,0.38299999999999995,0.34,2
2171-04-15,1,0.687,0.55,0
2171-04-15,3,0.687,0.74,3
2171-04-15,4,0.687,0.85,1
2171-04-15,2,0.687,0.42,2
2171-04-15,5,0.687,0.64,2
2170-05-15,1,0.8109999999999999,0.92,1
2170-05-15,3,0.8109999999999999,0.78,2
2170-05-15,4,0.8109999999999999,0.9,0
2170-05-15,2,0.8109999999999999,0.6,0
2170-05-15,5,0.8109999999999999,0.7,2
2171-05-15,1,0.518,0.96,0
2171-05-15,3,0.518,0.55,0
2171-05-15,4,0.518,0.82,0
2171-05-15,2,0.518,0.49,2
2171-05-15,5,0.518,0.64,2
2170-06-15,1,0.32,0.85,0
2170-06-15,3,0.32,0.94,3
2170-06-15,4,0.32,0.55,0
2170-06-15,2,0.32,0.44,2
2170-06-15,5,0.32,0.58,0
2171-06-15,1,0.34299999999999997,0.84,1
2171-06-15,3,0.34299999999999997,0.53,2
2171-06-15,4,0.34299999999999997,0.63,1
2171-06-15,2,0.34299999999999997,0.39,0
2171-06-15,5,0.34299999999999997,0.45,2
2170-07-15,1,0.504,0.56,0
2170-07-15,3,0.504,0.74,0
2170-07-15,4,0.504,0.76,0
2170-07-15,2,0.504,0.44,2
2170-07-15,5,0.504,0.51,2
2171-07-15,1,0.336,0.76,1
2171-07-15,3,0.336,0.78,0
2171-07-15,4,0.336,0.89,1
2171-07-15,2,0.336,0.62,0
2171-07-15,5,0.336,0.4,0
2171-08-15,1,0.37200000000000005,0.83,0
2171-08-15,3,0.37200000000000005,0.95,3
2171-08-15,4,0.37200000000000005,0.87,1
2171-08-15,2,0.37200000000000005,0.37,2
2171-08-15,5,0.37200000000000005,0.45,2
2171-09-15,1,0.474,0.61,1
2171-09-15,3,0.474,0.54,2
2171-09-15,4,0.474,0.87,1
2171-09-15,2,0.474,0.44,2
2171-09-15,5,0.474,0.44,2
2170-01-16,1,0.716,0.66,0
2170-01-16,3,0.716,0.93,0
2170-01-16,4,0.716,0.74,0
2170-01-16,2,0.716,0.57,2
2170-01-16,5,0.716,0.46,2
2170-10-16,1,0.672,0.97,1
2170-10-16,3,0.672,0.83,2
2170-10-16,4,0.672,0.84,1
2170-10-16,2,0.672,0.4,2
2170-10-16,5,0.672,0.32,2
2171-10-16,1,0.563,0.94,1
2171-10-16,3,0.563,0.86,2
2171-10-16,4,0.563,0.88,1
2171-10-16,2,0.563,0.66,2
2171-10-16,5,0.563,0.6,2
2170-11-16,1,0.68,0.89,0
2170-11-16,3,0.68,0.74,3
2170-11-16,4,0.68,0.71,0
2170-11-16,2,0.68,0.53,2
2170-11-16,5,0.68,0.61,2
2171-11-16,1,0.581,0.84,0
2171-11-16,3,0.581,0.99,3
2171-11-16,4,0.581,0.98,0
2171-11-16,2,0.581,0.67,2
2171-11-16,5,0.581,0.45,2
2170-12-16,1,0.7070000000000001,0.74,1
2170-12-16,3,0.7070000000000001,0.96,0
2170-12-16,4,0.7070000000000001,0.9,1
2170-12-16,2,0.7070000000000001,0.34,2
2170-12-16,5,0.7070000000000001,0.39,2
2171-12-16,1,0.528,0.78,0
2171-12-16,3,0.528,0.6,2
2171-12-16,4,0.528,0.91,1
2171-12-16,2,0.528,0.33,2
2171-12-16,5,0.528,0.37,0
2170-02-16,1,0.7120000000000001,0.83,0
2170-02-16,3,0.7120000000000001,0.54,2
2170-02-16,4,0.7120000000000001,0.75,0
2170-02-16,2,0.7120000000000001,0.51,0
2170-02-16,5,0.7120000000000001,0.47,2
2171-02-16,1,0.7170000000000001,0.72,1
2171-02-16,3,0.7170000000000001,0.7,3
2171-02-16,4,0.7170000000000001,0.61,0
2171-02-16,2,0.7170000000000001,0.67,2
2171-02-16,5,0.7170000000000001,0.67,0
2170-03-16,1,0.551,0.88,0
2170-03-16,3,0.551,0.98,2
2170-03-16,4,0.551,0.92,1
2170-03-16,2,0.551,0.54,2
2170-03-16,5,0.551,0.65,2
2171-03-16,1,0.5870000000000001,0.68,1
2171-03-16,3,0.5870000000000001,0.93,0
2171-03-16,4,0.5870000000000001,0.77,0
2171-03-16,2,0.5870000000000001,0.5,2
2171-03-16,5,0.5870000000000001,0.38,2
2170-04-16,1,0.37799999999999995,0.72,1
2170-04-16,3,0.37799999999999995,0.55,0
2170-04-16,4,0.37799999999999995,0.86,1
2170-04-16,2,0.37799999999999995,0.47,0
2170-04-16,5,0.37799999999999995,0.36,0
2171-04-16,1,0.62,0.51,0
2171-04-16,3,0.62,0.76,0
2171-04-16,4,0.62,0.73,0
2171-04-16,2,0.62,0.4,2
2171-04-16,5,0.62,0.31,2
2170-05-16,1,0.795,0.84,1
2170-05-16,3,0.795,0.91,3
2170-05-16,4,0.795,0.85,0
2170-05-16,2,0.795,0.33,2
2170-05-16,5,0.795,0.69,2
2171-05-16,1,0.501,0.87,1
2171-05-16,3,0.501,0.71,2
2171-05-16,4,0.501,0.83,1
2171-05-16,2,0.501,0.44,2
2171-05-16,5,0.501,0.37,2
2170-06-16,1,0.363,0.99,0
2170-06-16,3,0.363,0.69,3
2170-06-16,4,0.363,0.75,0
2170-06-16,2,0.363,0.55,2
2170-06-16,5,0.363,0.38,0
2171-06-16,1,0.379,0.53,0
2171-06-16,3,0.379,0.7,2
2171-06-16,4,0.379,0.88,1
2171-06-16,2,0.379,0.66,2
2171-06-16,5,0.379,0.42,0
2170-07-16,1,0.314,0.59,0
2170-07-16,3,0.314,0.99,0
2170-07-16,4,0.314,0.65,1
2170-07-16,2,0.314,0.67,2
2170-07-16,5,0.314,0.62,0
2171-07-16,1,0.29600000000000004,0.8,0
2171-07-16,3,0.29600000000000004,0.95,2
2171-07-16,4,0.29600000000000004,0.92,1
2171-07-16,2,0.29600000000000004,0.38,2
2171-07-16,5,0.29600000000000004,0.65,0
2171-08-16,1,0.419,0.54,0
2171-08-16,3,0.419,0.68,2
2171-08-16,4,0.419,0.72,1
2171-08-16,2,0.419,0.46,2
2171-08-16,5,0.419,0.62,0
2171-09-16,1,0.425,0.54,0
2171-09-16,3,0.425,0.64,0
2171-09-16,4,0.425,0.64,0
2171-09-16,2,0.425,0.66,2
2171-09-16,5,0.425,0.57,2
2170-01-17,1,0.664,0.59,0
2170-01-17,3,0.664,0.65,2
2170-01-17,4,0.664,0.78,0
2170-01-17,2,0.664,0.61,2
2170-01-17,5,0.664,0.67,0
2171-01-17,1,0.782,0.65,1
2171-01-17,3,0.782,0.54,2
2171-01-17,4,0.782,0.52,0
2171-01-17,2,0.782,0.65,2
2171-01-17,5,0.782,0.54,2
2170-10-17,1,0.655,0.67,1
2170-10-17,3,0.655,0.68,2
2170-10-17,4,0.655,0.91,0
2170-10-17,2,0.655,0.35,2
2170-10-17,5,0.655,0.53,0
2171-10-17,1,0.551,0.66,1
2171-10-17,3,0.551,0.59,2
2171-10-17,4,0.551,0.82,1
2171-10-17,2,0.551,0.38,2
2171-10-17,5,0.551,0.45,0
2170-11-17,1,0.752,0.54,0
2170-11-17,3,0.752,0.88,1
2170-11-17,4,0.752,0.65,1
2170-11-17,2,0.752,0.41,2
2170-11-17,5,0.752,0.4,2
2171-11-17,1,0.754,1.0,0
2171-11-17,3,0.754,0.64,2
2171-11-17,4,0.754,0.81,1
2171-11-17,2,0.754,0.45,2
2171-11-17,5,0.754,0.65,2
2170-12-17,1,0.593,0.98,0
2170-12-17,3,0.593,0.59,2
2170-12-17,4,0.593,0.74,1
2170-12-17,2,0.593,0.58,2
2170-12-17,5,0.593,0.39,0
2171-12-17,1,0.682,0.69,0
2171-12-17,3,0.682,0.6,2
2171-12-17,4,0.682,0.52,0
2171-12-17,2,0.682,0.64,2
2171-12-17,5,0.682,0.39,2
2170-02-17,1,0.5760000000000001,0.89,1
2170-02-17,3,0.5760000000000001,0.75,1
2170-02-17,4,0.5760000000000001,0.95,1
2170-02-17,2,0.5760000000000001,0.39,0
2170-02-17,5,0.5760000000000001,0.54,0
2171-02-17,1,0.631,0.72,0
2171-02-17,3,0.631,0.81,3
2171-02-17,4,0.631,0.91,0
2171-02-17,2,0.631,0.48,2
2171-02-17,5,0.631,0.55,2
2170-03-17,1,0.522,0.6,0
2170-03-17,3,0.522,0.59,2
2170-03-17,4,0.522,0.61,1
2170-03-17,2,0.522,0.51,2
2170-03-17,5,0.522,0.53,2
2171-03-17,1,0.693,0.63,0
2171-03-17,3,0.693,0.55,2
2171-03-17,4,0.693,0.9,0
2171-03-17,2,0.693,0.58,0
2171-03-17,5,0.693,0.7,0
2170-04-17,1,0.37799999999999995,0.79,1
2170-04-17,3,0.37799999999999995,0.63,3
2170-04-17,4,0.37799999999999995,0.99,0
2170-04-17,2,0.37799999999999995,0.61,2
2170-04-17,5,0.37799999999999995,0.55,0
2171-04-17,1,0.613,0.57,0
2171-04-17,3,0.613,0.81,0
2171-04-17,4,0.613,0.8,1
2171-04-17,2,0.613,0.32,2
2171-04-17,5,0.613,0.54,2
2170-05-17,1,0.5720000000000001,0.86,1
2170-05-17,3,0.5720000000000001,0.6,2
2170-05-17,4,0.5720000000000001,0.63,0
2170-05-17,2,0.5720000000000001,0.65,2
2170-05-17,5,0.5720000000000001,0.69,2
2171-05-17,1,0.429,0.61,1
2171-05-17,3,0.429,0.65,2
2171-05-17,4,0.429,0.93,0
2171-05-17,2,0.429,0.33,2
2171-05-17,5,0.429,0.34,2
2170-06-17,1,0.591,0.96,1
2170-06-17,3,0.591,0.6,2
2170-06-17,4,0.591,0.64,0
2170-06-17,2,0.591,0.52,2
2170-06-17,5,0.591,0.56,0
2171-06-17,1,0.3,0.7,0
2171-06-17,3,0.3,0.91,2
2171-06-17,4,0.3,0.98,0
2171-06-17,2,0.3,0.56,2
2171-06-17,5,0.3,0.49,2
2170-07-17,1,0.28,0.67,0
2170-07-17,3,0.28,0.65,3
2170-07-17,4,0.28,0.71,1
2170-07-17,2,0.28,0.35,2
2170-07-17,5,0.28,0.36,2
2171-07-17,1,0.301,0.8,1
2171-07-17,3,0.301,0.82,0
2171-07-17,4,0.301,0.86,1
2171-07-17,2,0.301,0.51,2
2171-07-17,5,0.301,0.38,0
2171-08-17,1,0.489,0.74,0
2171-08-17,3,0.489,0.81,0
2171-08-17,4,0.489,0.56,0
2171-08-17,2,0.489,0.31,2
2171-08-17,5,0.489,0.67,2
2170-09-17,1,0.45299999999999996,0.82,0
2170-09-17,3,0.45299999999999996,0.97,1
2170-09-17,4,0.45299999999999996,0.69,0
2170-09-17,2,0.45299999999999996,0.54,2
2170-09-17,5,0.45299999999999996,0.37,2
2171-09-17,1,0.342,0.67,1
2171-09-17,3,0.342,0.91,2
2171-09-17,4,0.342,0.85,1
2171-09-17,2,0.342,0.44,2
2171-09-17,5,0.342,0.49,2
2170-01-18,1,0.669,0.74,1
2170-01-18,3,0.669,0.56,2
2170-01-18,4,0.669,0.75,1
2170-01-18,2,0.669,0.55,2
2170-01-18,5,0.669,0.47,2
2171-01-18,1,0.7879999999999999,0.78,0
2171-01-18,3,0.7879999999999999,0.92,1
2171-01-18,4,0.7879999999999999,0.6,0
2171-01-18,2,0.7879999999999999,0.6,2
2171-01-18,5,0.7879999999999999,0.51,0
2170-10-18,1,0.525,0.66,1
2170-10-18,3,0.525,0.89,2
2170-10-18,4,0.525,0.89,0
2170-10-18,2,0.525,0.59,2
2170-10-18,5,0.525,0.53,2
2171-10-18,1,0.551,0.91,1
2171-10-18,3,0.551,0.91,0
2171-10-18,4,0.551,0.76,0
2171-10-18,2,0.551,0.57,0
2171-10-18,5,0.551,0.33,2
2170-11-18,1,0.633,0.85,0
2170-11-18,3,0.633,0.67,2
2170-11-18,4,0.633,0.78,0
2170-11-18,2,0.633,0.52,2
2170-11-18,5,0.633,0.33,0
2170-12-18,1,0.6809999999999999,0.54,0
2170-12-18,3,0.6809999999999999,0.73,3
2170-12-18,4,0.6809999999999999,0.58,0
2170-12-18,2,0.6809999999999999,0.63,0
2170-12-18,5,0.6809999999999999,0.59,2
2171-12-18,1,0.643,0.73,0
2171-12-18,3,0.643,0.54,2
2171-12-18,4,0.643,0.51,0
2171-12-18,2,0.643,0.38,2
2171-12-18,5,0.643,0.52,0
2170-02-18,1,0.611,0.77,1
2170-02-18,3,0.611,0.76,2
2170-02-18,4,0.611,0.75,0
2170-02-18,2,0.611,0.43,2
2170-02-18,5,0.611,0.46,0
2171-02-18,1,0.708,1.0,0
2171-02-18,3,0.708,0.68,3
2171-02-18,4,0.708,0.7,0
2171-02-18,2,0.708,0.32,0
2171-02-18,5,0.708,0.35,2
2170-03-18,1,0.541,0.83,1
2170-03-18,3,0.541,0.68,0
2170-03-18,4,0.541,0.72,1
2170-03-18,2,0.541,0.61,0
2170-03-18,5,0.541,0.68,0
2171-03-18,1,0.629,0.72,0
2171-03-18,3,0.629,0.51,2
2171-03-18,4,0.629,0.66,0
2171-03-18,2,0.629,0.59,2
2171-03-18,5,0.629,0.36,0
2170-04-18,1,0.442,0.82,0
2170-04-18,3,0.442,0.77,1
2170-04-18,4,0.442,0.59,0
2170-04-18,2,0.442,0.35,2
2170-04-18,5,0.442,0.6,2
2171-04-18,1,0.6779999999999999,0.65,1
2171-04-18,3,0.6779999999999999,0.84,2
2171-04-18,4,0.6779999999999999,0.92,1
2171-04-18,2,0.6779999999999999,0.57,2
2171-04-18,5,0.6779999999999999,0.63,0
2170-05-18,1,0.618,0.51,0
2170-05-18,3,0.618,0.84,0
2170-05-18,4,0.618,0.66,1
2170-05-18,2,0.618,0.37,2
2170-05-18,5,0.618,0.32,2
2171-05-18,1,0.382,0.87,0
2171-05-18,3,0.382,0.6,2
2171-05-18,4,0.382,0.72,0
2171-05-18,2,0.382,0.49,2
2171-05-18,5,0.382,0.55,2
2170-06-18,1,0.32,0.91,0
2170-06-18,3,0.32,0.78,2
2170-06-18,4,0.32,0.5,0
2170-06-18,2,0.32,0.38,2
2170-06-18,5,0.32,0.54,2
2171-06-18,1,0.331,0.67,1
2171-06-18,3,0.331,0.92,3
2171-06-18,4,0.331,0.8,0
2171-06-18,2,0.331,0.68,2
2171-06-18,5,0.331,0.49,2
2170-07-18,1,0.414,0.81,0
2170-07-18,3,0.414,0.61,0
2170-07-18,4,0.414,0.94,0
2170-07-18,2,0.414,0.53,2
2170-07-18,5,0.414,0.56,2
2171-07-18,1,0.255,0.55,0
2171-07-18,3,0.255,0.85,0
2171-07-18,4,0.255,0.69,1
2171-07-18,2,0.255,0.44,2
2171-07-18,5,0.255,0.58,2
2171-08-18,1,0.535,0.72,0
2171-08-18,3,0.535,0.96,3
2171-08-18,4,0.535,0.54,0
2171-08-18,2,0.535,0.49,2
2171-08-18,5,0.535,0.33,2
2170-09-18,1,0.65,0.83,1
2170-09-18,3,0.65,0.86,3
2170-09-18,4,0.65,1.0,1
2170-09-18,2,0.65,0.69,2
2170-09-18,5,0.65,0.54,2
2171-09-18,1,0.307,0.67,1
2171-09-18,3,0.307,0.85,2
2171-09-18,4,0.307,0.66,1
2171-09-18,2,0.307,0.55,0
2171-09-18,5,0.307,0.69,0
2170-01-19,1,0.5920000000000001,0.76,0
2170-01-19,3,0.5920000000000001,0.66,2
2170-01-19,4,0.5920000000000001,0.78,0
2170-01-19,2,0.5920000000000001,0.53,2
2170-01-19,5,0.5920000000000001,0.35,2
2171-01-19,1,0.659,0.56,0
2171-01-19,3,0.659,0.92,3
2171-01-19,4,0.659,0.86,0
2171-01-19,2,0.659,0.33,2
2171-01-19,5,0.659,0.56,2
2170-10-19,1,0.6920000000000001,0.86,1
2170-10-19,3,0.6920000000000001,0.81,2
2170-10-19,4,0.6920000000000001,0.59,0
2170-10-19,2,0.6920000000000001,0.38,2
2170-10-19,5,0.6920000000000001,0.54,2
2170-11-19,1,0.7090000000000001,0.81,1
2170-11-19,3,0.7090000000000001,0.52,2
2170-11-19,4,0.7090000000000001,0.64,0
2170-11-19,2,0.7090000000000001,0.56,2
2170-11-19,5,0.7090000000000001,0.36,2
2171-11-19,1,0.703,0.65,0
2171-11-19,3,0.703,0.7,2
2171-11-19,4,0.703,0.72,0
2171-11-19,2,0.703,0.34,0
2171-11-19,5,0.703,0.55,0
2170-12-19,1,0.7,0.52,0
2170-12-19,3,0.7,0.96,3
2170-12-19,4,0.7,0.89,0
2170-12-19,2,0.7,0.7,2
2170-12-19,5,0.7,0.54,2
2171-12-19,1,0.62,0.54,0
2171-12-19,3,0.62,0.56,0
2171-12-19,4,0.62,0.94,0
2171-12-19,2,0.62,0.3,2
2171-12-19,5,0.62,0.44,2
2170-02-19,1,0.7,0.93,1
2170-02-19,3,0.7,0.82,2
2170-02-19,4,0.7,0.62,0
2170-02-19,2,0.7,0.59,2
2170-02-19,5,0.7,0.35,2
2171-02-19,1,0.585,0.6,0
2171-02-19,3,0.585,0.81,3
2171-02-19,4,0.585,0.61,1
2171-02-19,2,0.585,0.7,2
2171-02-19,5,0.585,0.56,2
2170-03-19,1,0.632,1.0,0
2170-03-19,3,0.632,0.51,0
2170-03-19,4,0.632,0.65,1
2170-03-19,2,0.632,0.55,2
2170-03-19,5,0.632,0.46,2
2171-03-19,1,0.5820000000000001,0.72,1
2171-03-19,3,0.5820000000000001,0.55,2
2171-03-19,4,0.5820000000000001,0.68,1
2171-03-19,2,0.5820000000000001,0.6,2
2171-03-19,5,0.5820000000000001,0.64,0
2170-04-19,1,0.316,0.5,0
2170-04-19,3,0.316,0.87,1
2170-04-19,4,0.316,0.79,1
2170-04-19,2,0.316,0.5,2
2170-04-19,5,0.316,0.56,0
2171-04-19,1,0.645,0.99,1
2171-04-19,3,0.645,0.83,0
2171-04-19,4,0.645,0.64,1
2171-04-19,2,0.645,0.56,2
2171-04-19,5,0.645,0.65,0
2170-05-19,1,0.5579999999999999,0.76,1
2170-05-19,3,0.5579999999999999,0.95,2
2170-05-19,4,0.5579999999999999,0.52,0
2170-05-19,2,0.5579999999999999,0.43,2
2170-05-19,5,0.5579999999999999,0.43,0
2171-05-19,1,0.515,0.81,0
2171-05-19,3,0.515,0.58,2
2171-05-19,4,0.515,0.95,1
2171-05-19,2,0.515,0.52,0
2171-05-19,5,0.515,0.45,0
2170-06-19,1,0.581,0.66,0
2170-06-19,3,0.581,0.83,2
2170-06-19,4,0.581,0.87,0
2170-06-19,2,0.581,0.31,0
2170-06-19,5,0.581,0.69,2
2171-06-19,1,0.457,0.95,0
2171-06-19,3,0.457,0.77,3
2171-06-19,4,0.457,0.7,1
2171-06-19,2,0.457,0.36,0
2171-06-19,5,0.457,0.65,2
2170-07-19,1,0.455,0.55,0
2170-07-19,3,0.455,0.85,1
2170-07-19,4,0.455,0.62,1
2170-07-19,2,0.455,0.4,2
2170-07-19,5,0.455,0.47,2
2171-07-19,1,0.389,0.7,0
2171-07-19,3,0.389,0.68,0
2171-07-19,4,0.389,0.61,0
2171-07-19,2,0.389,0.34,2
2171-07-19,5,0.389,0.47,2
2171-08-19,1,0.375,0.63,0
2171-08-19,3,0.375,0.64,3
2171-08-19,4,0.375,0.98,1
2171-08-19,2,0.375,0.65,2
2171-08-19,5,0.375,0.33,2
2170-09-19,1,0.617,0.89,1
2170-09-19,3,0.617,0.86,1
2170-09-19,4,0.617,0.5,0
2170-09-19,2,0.617,0.57,2
2170-09-19,5,0.617,0.49,2
2171-09-19,1,0.266,0.88,1
2171-09-19,3,0.266,0.62,3
2171-09-19,4,0.266,0.84,1
2171-09-19,2,0.266,0.66,2
2171-09-19,5,0.266,0.32,2
2170-01-02,1,0.624,0.97,1
2170-01-02,3,0.624,0.93,0
2170-01-02,4,0.624,0.65,1
2170-01-02,2,0.624,0.36,0
2170-01-02,5,0.624,0.58,2
2171-01-02,1,0.684,0.78,0
2171-01-02,3,0.684,0.8,2
2171-01-02,4,0.684,0.53,0
2171-01-02,2,0.684,0.38,0
2171-01-02,5,0.684,0.55,0
2170-10-02,1,0.603,0.66,0
2170-10-02,3,0.603,0.81,3
2170-10-02,4,0.603,0.86,0
2170-10-02,2,0.603,0.44,2
2170-10-02,5,0.603,0.32,2
2171-10-02,1,0.569,0.98,0
2171-10-02,3,0.569,0.9,2
2171-10-02,4,0.569,0.87,0
2171-10-02,2,0.569,0.53,2
2171-10-02,5,0.569,0.31,2
2170-11-02,1,0.594,0.61,1
2170-11-02,3,0.594,0.92,3
2170-11-02,4,0.594,0.79,1
2170-11-02,2,0.594,0.65,2
2170-11-02,5,0.594,0.41,2
2170-12-02,1,0.664,0.77,0
2170-12-02,3,0.664,0.65,1
2170-12-02,4,0.664,0.52,0
2170-12-02,2,0.664,0.56,0
2170-12-02,5,0.664,0.42,2
2171-12-02,1,0.6459999999999999,0.71,1
2171-12-02,3,0.6459999999999999,0.87,0
2171-12-02,4,0.6459999999999999,0.98,0
2171-12-02,2,0.6459999999999999,0.42,0
2171-12-02,5,0.6459999999999999,0.57,0
2171-02-02,1,0.6659999999999999,0.6,0
2171-02-02,3,0.6659999999999999,0.8,3
2171-02-02,4,0.6659999999999999,0.74,1
2171-02-02,2,0.6659999999999999,0.61,2
2171-02-02,5,0.6659999999999999,0.56,0
2170-03-02,1,0.598,0.84,0
2170-03-02,3,0.598,0.84,2
2170-03-02,4,0.598,0.55,0
2170-03-02,2,0.598,0.54,2
2170-03-02,5,0.598,0.58,2
2171-03-02,1,0.679,0.75,0
2171-03-02,3,0.679,0.78,2
2171-03-02,4,0.679,0.69,0
2171-03-02,2,0.679,0.7,2
2171-03-02,5,0.679,0.49,2
2170-04-02,1,0.45799999999999996,0.96,0
2170-04-02,3,0.45799999999999996,0.67,3
2170-04-02,4,0.45799999999999996,0.52,0
2170-04-02,2,0.45799999999999996,0.43,2
2170-04-02,5,0.45799999999999996,0.47,2
2171-04-02,1,0.529,0.88,0
2171-04-02,3,0.529,0.57,2
2171-04-02,4,0.529,0.86,0
2171-04-02,2,0.529,0.53,0
2171-04-02,5,0.529,0.39,2
2170-05-02,1,0.47,0.99,1
2170-05-02,3,0.47,0.58,2
2170-05-02,4,0.47,0.78,1
2170-05-02,2,0.47,0.58,2
2170-05-02,5,0.47,0.52,0
2171-05-02,1,0.6759999999999999,0.59,0
2171-05-02,3,0.6759999999999999,0.71,2
2171-05-02,4,0.6759999999999999,0.71,0
2171-05-02,2,0.6759999999999999,0.35,2
2171-05-02,5,0.6759999999999999,0.53,2
2170-06-02,1,0.484,0.66,1
2170-06-02,3,0.484,0.91,1
2170-06-02,4,0.484,0.97,1
2170-06-02,2,0.484,0.39,2
2170-06-02,5,0.484,0.61,0
2171-06-02,1,0.44299999999999995,0.62,1
2171-06-02,3,0.44299999999999995,0.75,2
2171-06-02,4,0.44299999999999995,0.5,0
2171-06-02,2,0.44299999999999995,0.35,0
2171-06-02,5,0.44299999999999995,0.61,0
2170-07-02,1,0.39299999999999996,0.6,0
2170-07-02,3,0.39299999999999996,0.92,3
2170-07-02,4,0.39299999999999996,0.8,1
2170-07-02,2,0.39299999999999996,0.42,2
2170-07-02,5,0.39299999999999996,0.41,2
2171-07-02,1,0.428,0.5,0
2171-07-02,3,0.428,0.9,3
2171-07-02,4,0.428,0.89,0
2171-07-02,2,0.428,0.56,2
2171-07-02,5,0.428,0.46,2
2170-08-02,1,0.547,0.74,1
2170-08-02,3,0.547,0.59,0
2170-08-02,4,0.547,0.52,0
2170-08-02,2,0.547,0.68,0
2170-08-02,5,0.547,0.37,2
2171-08-02,1,0.27899999999999997,0.6,0
2171-08-02,3,0.27899999999999997,0.69,3
2171-08-02,4,0.27899999999999997,0.87,1
2171-08-02,2,0.27899999999999997,0.45,0
2171-08-02,5,0.27899999999999997,0.49,2
2171-09-02,1,0.396,0.63,1
2171-09-02,3,0.396,0.99,0
2171-09-02,4,0.396,0.79,1
2171-09-02,2,0.396,0.34,0
2171-09-02,5,0.396,0.32,0
2170-01-20,1,0.665,0.8,0
2170-01-20,3,0.665,0.69,0
2170-01-20,4,0.665,0.88,1
2170-01-20,2,0.665,0.59,0
2170-01-20,5,0.665,0.38,0
2171-01-20,1,0.649,0.51,0
2171-01-20,3,0.649,0.72,3
2171-01-20,4,0.649,0.63,1
2171-01-20,2,0.649,0.63,2
2171-01-20,5,0.649,0.5,2
2170-10-20,1,0.7659999999999999,0.55,0
2170-10-20,3,0.7659999999999999,0.75,0
2170-10-20,4,0.7659999999999999,0.99,1
2170-10-20,2,0.7659999999999999,0.62,2
2170-10-20,5,0.7659999999999999,0.67,0
2171-10-20,1,0.578,0.74,1
2171-10-20,3,0.578,0.78,0
2171-10-20,4,0.578,0.97,0
2171-10-20,2,0.578,0.57,2
2171-10-20,5,0.578,0.43,2
2171-11-20,1,0.7140000000000001,0.71,0
2171-11-20,3,0.7140000000000001,0.89,0
2171-11-20,4,0.7140000000000001,0.5,0
2171-11-20,2,0.7140000000000001,0.5,2
2171-11-20,5,0.7140000000000001,0.46,0
2170-12-20,1,0.6940000000000001,0.6,0
2170-12-20,3,0.6940000000000001,0.71,2
2170-12-20,4,0.6940000000000001,0.94,0
2170-12-20,2,0.6940000000000001,0.56,2
2170-12-20,5,0.6940000000000001,0.55,2
2171-12-20,1,0.7090000000000001,0.98,1
2171-12-20,3,0.7090000000000001,0.94,2
2171-12-20,4,0.7090000000000001,0.73,0
2171-12-20,2,0.7090000000000001,0.36,2
2171-12-20,5,0.7090000000000001,0.64,2
2170-02-20,1,0.632,0.89,0
2170-02-20,3,0.632,0.93,2
2170-02-20,4,0.632,0.81,0
2170-02-20,2,0.632,0.51,2
2170-02-20,5,0.632,0.43,0
2171-02-20,1,0.584,0.91,1
2171-02-20,3,0.584,0.6,0
2171-02-20,4,0.584,0.84,0
2171-02-20,2,0.584,0.62,2
2171-02-20,5,0.584,0.6,0
2170-03-20,1,0.473,0.53,0
2170-03-20,3,0.473,0.55,2
2170-03-20,4,0.473,0.81,1
2170-03-20,2,0.473,0.64,2
2170-03-20,5,0.473,0.45,2
2171-03-20,1,0.682,0.95,1
2171-03-20,3,0.682,0.91,0
2171-03-20,4,0.682,0.74,1
2171-03-20,2,0.682,0.64,2
2171-03-20,5,0.682,0.67,0
2170-04-20,1,0.424,0.65,0
2170-04-20,3,0.424,0.64,3
2170-04-20,4,0.424,0.7,1
2170-04-20,2,0.424,0.36,2
2170-04-20,5,0.424,0.62,2
2171-04-20,1,0.762,0.68,1
2171-04-20,3,0.762,0.83,0
2171-04-20,4,0.762,0.68,1
2171-04-20,2,0.762,0.34,0
2171-04-20,5,0.762,0.34,2
2170-05-20,1,0.35100000000000003,0.96,1
2170-05-20,3,0.35100000000000003,0.63,2
2170-05-20,4,0.35100000000000003,0.55,0
2170-05-20,2,0.35100000000000003,0.59,0
2170-05-20,5,0.35100000000000003,0.35,2
2171-05-20,1,0.552,0.65,1
2171-05-20,3,0.552,0.55,0
2171-05-20,4,0.552,0.66,1
2171-05-20,2,0.552,0.42,0
2171-05-20,5,0.552,0.55,0
2170-06-20,1,0.534,0.99,0
2170-06-20,3,0.534,0.7,3
2170-06-20,4,0.534,0.7,1
2170-06-20,2,0.534,0.56,2
2170-06-20,5,0.534,0.63,2
2171-06-20,1,0.408,0.71,1
2171-06-20,3,0.408,0.71,3
2171-06-20,4,0.408,0.63,1
2171-06-20,2,0.408,0.68,0
2171-06-20,5,0.408,0.56,2
2170-07-20,1,0.368,0.72,0
2170-07-20,3,0.368,0.98,3
2170-07-20,4,0.368,0.94,1
2170-07-20,2,0.368,0.54,2
2170-07-20,5,0.368,0.46,2
2171-07-20,1,0.45299999999999996,0.55,0
2171-07-20,3,0.45299999999999996,0.69,2
2171-07-20,4,0.45299999999999996,0.97,1
2171-07-20,2,0.45299999999999996,0.44,2
2171-07-20,5,0.45299999999999996,0.48,2
2171-08-20,1,0.314,0.99,0
2171-08-20,3,0.314,0.51,2
2171-08-20,4,0.314,0.61,0
2171-08-20,2,0.314,0.33,2
2171-08-20,5,0.314,0.41,2
2170-09-20,1,0.552,0.59,0
2170-09-20,3,0.552,0.94,3
2170-09-20,4,0.552,0.78,0
2170-09-20,2,0.552,0.33,2
2170-09-20,5,0.552,0.69,2
2171-09-20,1,0.305,0.83,0
2171-09-20,3,0.305,0.75,3
2171-09-20,4,0.305,0.73,1
2171-09-20,2,0.305,0.59,2
2171-09-20,5,0.305,0.67,0
2170-01-21,1,0.731,0.79,1
2170-01-21,3,0.731,0.53,2
2170-01-21,4,0.731,0.88,0
2170-01-21,2,0.731,0.56,2
2170-01-21,5,0.731,0.47,2
2171-01-21,1,0.657,0.69,0
2171-01-21,3,0.657,0.78,3
2171-01-21,4,0.657,0.97,1
2171-01-21,2,0.657,0.5,2
2171-01-21,5,0.657,0.64,2
2170-10-21,1,0.6859999999999999,0.81,0
2170-10-21,3,0.6859999999999999,0.63,3
2170-10-21,4,0.6859999999999999,0.89,1
2170-10-21,2,0.6859999999999999,0.38,2
2170-10-21,5,0.6859999999999999,0.4,2
2171-10-21,1,0.17600000000000002,0.69,1
2171-10-21,3,0.17600000000000002,0.68,2
2171-10-21,4,0.17600000000000002,0.99,0
2171-10-21,2,0.17600000000000002,0.31,2
2171-10-21,5,0.17600000000000002,0.39,2
2170-11-21,1,0.6859999999999999,0.73,1
2170-11-21,3,0.6859999999999999,0.96,3
2170-11-21,4,0.6859999999999999,0.72,0
2170-11-21,2,0.6859999999999999,0.34,2
2170-11-21,5,0.6859999999999999,0.5,2
2171-11-21,1,0.765,0.61,0
2171-11-21,3,0.765,0.72,2
2171-11-21,4,0.765,0.85,1
2171-11-21,2,0.765,0.32,0
2171-11-21,5,0.765,0.54,2
2170-12-21,1,0.728,0.61,1
2170-12-21,3,0.728,0.64,3
2170-12-21,4,0.728,0.76,1
2170-12-21,2,0.728,0.7,2
2170-12-21,5,0.728,0.37,2
2171-12-21,1,0.6729999999999999,0.78,1
2171-12-21,3,0.6729999999999999,0.55,2
2171-12-21,4,0.6729999999999999,0.82,1
2171-12-21,2,0.6729999999999999,0.36,0
2171-12-21,5,0.6729999999999999,0.67,0
2170-02-21,1,0.644,0.65,1
2170-02-21,3,0.644,0.65,2
2170-02-21,4,0.644,0.56,0
2170-02-21,2,0.644,0.3,2
2170-02-21,5,0.644,0.46,0
2171-02-21,1,0.5710000000000001,0.57,0
2171-02-21,3,0.5710000000000001,0.55,0
2171-02-21,4,0.5710000000000001,0.78,0
2171-02-21,2,0.5710000000000001,0.45,2
2171-02-21,5,0.5710000000000001,0.5,2
2170-03-21,1,0.455,0.53,0
2170-03-21,3,0.455,0.59,2
2170-03-21,4,0.455,0.75,0
2170-03-21,2,0.455,0.36,2
2170-03-21,5,0.455,0.69,2
2171-03-21,1,0.493,0.9,0
2171-03-21,3,0.493,0.53,0
2171-03-21,4,0.493,0.72,1
2171-03-21,2,0.493,0.62,2
2171-03-21,5,0.493,0.35,0
2170-04-21,1,0.45899999999999996,0.67,0
2170-04-21,3,0.45899999999999996,0.67,0
2170-04-21,4,0.45899999999999996,0.71,0
2170-04-21,2,0.45899999999999996,0.57,2
2170-04-21,5,0.45899999999999996,0.4,2
2171-04-21,1,0.7609999999999999,0.91,1
2171-04-21,3,0.7609999999999999,0.77,2
2171-04-21,4,0.7609999999999999,0.72,0
2171-04-21,2,0.7609999999999999,0.42,2
2171-04-21,5,0.7609999999999999,0.55,2
2170-05-21,1,0.636,0.98,0
2170-05-21,3,0.636,0.93,3
2170-05-21,4,0.636,0.91,1
2170-05-21,2,0.636,0.53,0
2170-05-21,5,0.636,0.41,0
2171-05-21,1,0.547,0.66,0
2171-05-21,3,0.547,0.59,2
2171-05-21,4,0.547,0.67,1
2171-05-21,2,0.547,0.55,0
2171-05-21,5,0.547,0.5,2
2170-06-21,1,0.455,0.73,0
2170-06-21,3,0.455,0.69,2
2170-06-21,4,0.455,0.57,0
2170-06-21,2,0.455,0.48,2
2170-06-21,5,0.455,0.32,2
2171-06-21,1,0.537,0.99,0
2171-06-21,3,0.537,0.72,3
2171-06-21,4,0.537,0.81,0
2171-06-21,2,0.537,0.56,0
2171-06-21,5,0.537,0.52,2
2170-07-21,1,0.557,0.79,1
2170-07-21,3,0.557,0.61,0
2170-07-21,4,0.557,0.52,0
2170-07-21,2,0.557,0.6,2
2170-07-21,5,0.557,0.54,2
2171-07-21,1,0.273,0.54,0
2171-07-21,3,0.273,0.86,0
2171-07-21,4,0.273,0.82,0
2171-07-21,2,0.273,0.33,2
2171-07-21,5,0.273,0.68,2
2171-08-21,1,0.364,0.73,1
2171-08-21,3,0.364,0.66,2
2171-08-21,4,0.364,0.82,0
2171-08-21,2,0.364,0.62,2
2171-08-21,5,0.364,0.66,2
2170-09-21,1,0.515,0.72,1
2170-09-21,3,0.515,0.76,3
2170-09-21,4,0.515,0.84,0
2170-09-21,2,0.515,0.41,2
2170-09-21,5,0.515,0.63,2
2170-01-22,1,0.7240000000000001,0.65,1
2170-01-22,3,0.7240000000000001,0.9,2
2170-01-22,4,0.7240000000000001,0.66,0
2170-01-22,2,0.7240000000000001,0.31,2
2170-01-22,5,0.7240000000000001,0.48,0
2171-01-22,1,0.64,0.9,0
2171-01-22,3,0.64,0.9,0
2171-01-22,4,0.64,0.8,0
2171-01-22,2,0.64,0.36,2
2171-01-22,5,0.64,0.58,2
2170-10-22,1,0.67,0.59,0
2170-10-22,3,0.67,0.8,0
2170-10-22,4,0.67,0.61,1
2170-10-22,2,0.67,0.38,2
2170-10-22,5,0.67,0.36,2
2171-10-22,1,0.517,0.57,0
2171-10-22,3,0.517,0.82,0
2171-10-22,4,0.517,0.76,1
2171-10-22,2,0.517,0.32,2
2171-10-22,5,0.517,0.5,2
2170-11-22,1,0.563,0.81,1
2170-11-22,3,0.563,0.56,2
2170-11-22,4,0.563,0.59,0
2170-11-22,2,0.563,0.65,2
2170-11-22,5,0.563,0.6,0
2171-11-22,1,0.779,0.68,1
2171-11-22,3,0.779,0.73,3
2171-11-22,4,0.779,0.91,1
2171-11-22,2,0.779,0.52,2
2171-11-22,5,0.779,0.37,2
2170-12-22,1,0.654,0.92,1
2170-12-22,3,0.654,0.59,2
2170-12-22,4,0.654,0.77,0
2170-12-22,2,0.654,0.55,2
2170-12-22,5,0.654,0.46,2
2171-12-22,1,0.6759999999999999,0.57,0
2171-12-22,3,0.6759999999999999,0.8,3
2171-12-22,4,0.6759999999999999,0.7,1
2171-12-22,2,0.6759999999999999,0.62,0
2171-12-22,5,0.6759999999999999,0.39,2
2170-02-22,1,0.7040000000000001,1.0,1
2170-02-22,3,0.7040000000000001,0.6,0
2170-02-22,4,0.7040000000000001,0.55,0
2170-02-22,2,0.7040000000000001,0.56,2
2170-02-22,5,0.7040000000000001,0.49,2
2171-02-22,1,0.679,0.62,1
2171-02-22,3,0.679,0.65,3
2171-02-22,4,0.679,0.66,0
2171-02-22,2,0.679,0.43,2
2171-02-22,5,0.679,0.38,2
2170-03-22,1,0.603,0.97,1
2170-03-22,3,0.603,0.97,3
2170-03-22,4,0.603,0.75,1
2170-03-22,2,0.603,0.45,2
2170-03-22,5,0.603,0.66,2
2171-03-22,1,0.491,0.62,0
2171-03-22,3,0.491,0.88,1
2171-03-22,4,0.491,0.7,0
2171-03-22,2,0.491,0.57,0
2171-03-22,5,0.491,0.6,0
2171-04-22,1,0.583,0.97,0
2171-04-22,3,0.583,0.7,3
2171-04-22,4,0.583,0.55,0
2171-04-22,2,0.583,0.54,2
2171-04-22,5,0.583,0.42,2
2170-05-22,1,0.618,0.84,0
2170-05-22,3,0.618,0.56,0
2170-05-22,4,0.618,0.85,0
2170-05-22,2,0.618,0.69,2
2170-05-22,5,0.618,0.45,2
2171-05-22,1,0.43700000000000006,0.81,0
2171-05-22,3,0.43700000000000006,0.62,0
2171-05-22,4,0.43700000000000006,0.72,1
2171-05-22,2,0.43700000000000006,0.6,2
2171-05-22,5,0.43700000000000006,0.43,2
2170-06-22,1,0.545,0.62,0
2170-06-22,3,0.545,0.59,2
2170-06-22,4,0.545,0.84,0
2170-06-22,2,0.545,0.64,2
2170-06-22,5,0.545,0.47,0
2171-06-22,1,0.389,0.62,1
2171-06-22,3,0.389,0.81,3
2171-06-22,4,0.389,0.64,1
2171-06-22,2,0.389,0.47,0
2171-06-22,5,0.389,0.34,2
2170-07-22,1,0.35600000000000004,0.79,1
2170-07-22,3,0.35600000000000004,0.99,2
2170-07-22,4,0.35600000000000004,0.5,0
2170-07-22,2,0.35600000000000004,0.33,2
2170-07-22,5,0.35600000000000004,0.5,2
2171-07-22,1,0.478,0.65,0
2171-07-22,3,0.478,0.97,2
2171-07-22,4,0.478,0.89,1
2171-07-22,2,0.478,0.38,2
2171-07-22,5,0.478,0.69,2
2171-08-22,1,0.53,0.96,0
2171-08-22,3,0.53,0.85,3
2171-08-22,4,0.53,0.94,0
2171-08-22,2,0.53,0.51,2
2171-08-22,5,0.53,0.6,0
2170-09-22,1,0.522,0.85,1
2170-09-22,3,0.522,0.96,2
2170-09-22,4,0.522,0.91,1
2170-09-22,2,0.522,0.41,2
2170-09-22,5,0.522,0.62,2
2171-09-22,1,0.401,0.78,1
2171-09-22,3,0.401,0.67,0
2171-09-22,4,0.401,0.57,0
2171-09-22,2,0.401,0.56,0
2171-09-22,5,0.401,0.42,2
2170-01-23,1,0.715,0.56,0
2170-01-23,3,0.715,0.75,3
2170-01-23,4,0.715,0.85,0
2170-01-23,2,0.715,0.63,2
2170-01-23,5,0.715,0.6,2
2171-01-23,1,0.599,0.84,1
2171-01-23,3,0.599,0.73,2
2171-01-23,4,0.599,0.64,0
2171-01-23,2,0.599,0.54,2
2171-01-23,5,0.599,0.33,2
2170-10-23,1,0.33799999999999997,0.75,0
2170-10-23,3,0.33799999999999997,0.66,2
2170-10-23,4,0.33799999999999997,0.75,1
2170-10-23,2,0.33799999999999997,0.36,2
2170-10-23,5,0.33799999999999997,0.52,2
2171-10-23,1,0.436,0.81,1
2171-10-23,3,0.436,0.57,0
2171-10-23,4,0.436,0.99,0
2171-10-23,2,0.436,0.4,2
2171-10-23,5,0.436,0.32,2
2170-11-23,1,0.589,0.57,0
2170-11-23,3,0.589,0.61,2
2170-11-23,4,0.589,0.79,0
2170-11-23,2,0.589,0.64,2
2170-11-23,5,0.589,0.63,2
2171-11-23,1,0.7070000000000001,0.9,1
2171-11-23,3,0.7070000000000001,0.73,3
2171-11-23,4,0.7070000000000001,0.56,0
2171-11-23,2,0.7070000000000001,0.58,2
2171-11-23,5,0.7070000000000001,0.37,2
2170-12-23,1,0.764,0.68,1
2170-12-23,3,0.764,0.54,2
2170-12-23,4,0.764,0.87,1
2170-12-23,2,0.764,0.38,2
2170-12-23,5,0.764,0.43,2
2171-12-23,1,0.745,0.95,0
2171-12-23,3,0.745,0.63,2
2171-12-23,4,0.745,0.59,0
2171-12-23,2,0.745,0.7,2
2171-12-23,5,0.745,0.5,0
2170-02-23,1,0.763,0.55,0
2170-02-23,3,0.763,0.57,2
2170-02-23,4,0.763,0.65,0
2170-02-23,2,0.763,0.55,2
2170-02-23,5,0.763,0.44,2
2171-02-23,1,0.585,0.56,0
2171-02-23,3,0.585,0.89,2
2171-02-23,4,0.585,0.53,0
2171-02-23,2,0.585,0.39,2
2171-02-23,5,0.585,0.42,2
2170-03-23,1,0.535,0.56,0
2170-03-23,3,0.535,0.64,3
2170-03-23,4,0.535,0.6,0
2170-03-23,2,0.535,0.31,2
2170-03-23,5,0.535,0.33,2
2171-03-23,1,0.616,0.67,0
2171-03-23,3,0.616,0.67,2
2171-03-23,4,0.616,0.81,1
2171-03-23,2,0.616,0.38,2
2171-03-23,5,0.616,0.37,2
2170-04-23,1,0.192,0.74,0
2170-04-23,3,0.192,0.7,0
2170-04-23,4,0.192,0.6,0
2170-04-23,2,0.192,0.65,0
2170-04-23,5,0.192,0.52,2
2171-04-23,1,0.797,0.91,0
2171-04-23,3,0.797,0.97,2
2171-04-23,4,0.797,0.85,0
2171-04-23,2,0.797,0.35,2
2171-04-23,5,0.797,0.63,2
2170-05-23,1,0.387,0.54,0
2170-05-23,3,0.387,0.87,2
2170-05-23,4,0.387,0.7,1
2170-05-23,2,0.387,0.68,0
2170-05-23,5,0.387,0.54,0
2171-05-23,1,0.643,0.94,0
2171-05-23,3,0.643,0.99,3
2171-05-23,4,0.643,0.62,0
2171-05-23,2,0.643,0.45,2
2171-05-23,5,0.643,0.59,2
2170-06-23,1,0.631,0.75,0
2170-06-23,3,0.631,0.69,2
2170-06-23,4,0.631,0.71,0
2170-06-23,2,0.631,0.4,2
2170-06-23,5,0.631,0.59,2
2171-06-23,1,0.46799999999999997,0.94,1
2171-06-23,3,0.46799999999999997,0.88,2
2171-06-23,4,0.46799999999999997,0.74,1
2171-06-23,2,0.46799999999999997,0.63,2
2171-06-23,5,0.46799999999999997,0.44,2
2170-07-23,1,0.361,0.8,1
2170-07-23,3,0.361,0.74,0
2170-07-23,4,0.361,0.86,0
2170-07-23,2,0.361,0.38,2
2170-07-23,5,0.361,0.48,0
2171-07-23,1,0.369,0.9,1
2171-07-23,3,0.369,0.83,3
2171-07-23,4,0.369,0.92,0
2171-07-23,2,0.369,0.45,0
2171-07-23,5,0.369,0.53,2
2171-08-23,1,0.41600000000000004,0.98,0
2171-08-23,3,0.41600000000000004,0.74,2
2171-08-23,4,0.41600000000000004,0.69,0
2171-08-23,2,0.41600000000000004,0.56,2
2171-08-23,5,0.41600000000000004,0.47,2
2170-09-23,1,0.5329999999999999,0.72,0
2170-09-23,3,0.5329999999999999,0.71,2
2170-09-23,4,0.5329999999999999,0.69,0
2170-09-23,2,0.5329999999999999,0.6,2
2170-09-23,5,0.5329999999999999,0.7,2
2171-09-23,1,0.47100000000000003,0.68,1
2171-09-23,3,0.47100000000000003,0.77,1
2171-09-23,4,0.47100000000000003,0.82,1
2171-09-23,2,0.47100000000000003,0.5,2
2171-09-23,5,0.47100000000000003,0.48,2
2170-01-24,1,0.7340000000000001,0.61,0
2170-01-24,3,0.7340000000000001,0.81,3
2170-01-24,4,0.7340000000000001,0.56,0
2170-01-24,2,0.7340000000000001,0.65,2
2170-01-24,5,0.7340000000000001,0.69,2
2171-01-24,1,0.647,0.71,0
2171-01-24,3,0.647,0.94,3
2171-01-24,4,0.647,0.58,0
2171-01-24,2,0.647,0.65,0
2171-01-24,5,0.647,0.65,2
2170-10-24,1,0.612,0.91,1
2170-10-24,3,0.612,0.89,0
2170-10-24,4,0.612,0.6,0
2170-10-24,2,0.612,0.68,2
2170-10-24,5,0.612,0.61,2
2171-10-24,1,0.5760000000000001,0.67,0
2171-10-24,3,0.5760000000000001,0.86,0
2171-10-24,4,0.5760000000000001,0.81,0
2171-10-24,2,0.5760000000000001,0.53,2
2171-10-24,5,0.5760000000000001,0.55,2
2170-11-24,1,0.759,0.79,0
2170-11-24,3,0.759,0.9,0
2170-11-24,4,0.759,0.89,1
2170-11-24,2,0.759,0.64,2
2170-11-24,5,0.759,0.37,0
2171-11-24,1,0.754,1.0,0
2171-11-24,3,0.754,0.68,2
2171-11-24,4,0.754,0.77,0
2171-11-24,2,0.754,0.43,2
2171-11-24,5,0.754,0.34,0
2170-12-24,1,0.66,0.93,0
2170-12-24,3,0.66,0.87,2
2170-12-24,4,0.66,0.52,0
2170-12-24,2,0.66,0.56,2
2170-12-24,5,0.66,0.41,0
2171-12-24,1,0.664,0.57,0
2171-12-24,3,0.664,0.81,1
2171-12-24,4,0.664,0.62,1
2171-12-24,2,0.664,0.37,0
2171-12-24,5,0.664,0.61,2
2170-02-24,1,0.638,0.99,0
2170-02-24,3,0.638,0.67,2
2170-02-24,4,0.638,0.87,0
2170-02-24,2,0.638,0.66,0
2170-02-24,5,0.638,0.63,2
2171-02-24,1,0.6970000000000001,0.63,1
2171-02-24,3,0.6970000000000001,0.65,2
2171-02-24,4,0.6970000000000001,0.85,0
2171-02-24,2,0.6970000000000001,0.39,2
2171-02-24,5,0.6970000000000001,0.46,0
2170-03-24,1,0.48700000000000004,0.87,1
2170-03-24,3,0.48700000000000004,0.66,2
2170-03-24,4,0.48700000000000004,0.55,0
2170-03-24,2,0.48700000000000004,0.55,2
2170-03-24,5,0.48700000000000004,0.41,2
2171-03-24,1,0.508,0.6,0
2171-03-24,3,0.508,0.87,3
2171-03-24,4,0.508,0.78,0
2171-03-24,2,0.508,0.63,2
2171-03-24,5,0.508,0.43,2
2170-04-24,1,0.316,0.54,0
2170-04-24,3,0.316,0.67,0
2170-04-24,4,0.316,0.91,1
2170-04-24,2,0.316,0.57,2
2170-04-24,5,0.316,0.68,2
2171-04-24,1,0.61,0.63,0
2171-04-24,3,0.61,0.76,2
2171-04-24,4,0.61,0.52,0
2171-04-24,2,0.61,0.42,2
2171-04-24,5,0.61,0.37,2
2170-05-24,1,0.619,0.8,1
2170-05-24,3,0.619,0.86,0
2170-05-24,4,0.619,0.82,1
2170-05-24,2,0.619,0.46,0
2170-05-24,5,0.619,0.56,2
2171-05-24,1,0.62,0.85,0
2171-05-24,3,0.62,0.97,2
2171-05-24,4,0.62,0.7,1
2171-05-24,2,0.62,0.68,2
2171-05-24,5,0.62,0.5,2
2170-06-24,1,0.5760000000000001,0.75,1
2170-06-24,3,0.5760000000000001,0.52,0
2170-06-24,4,0.5760000000000001,0.78,1
2170-06-24,2,0.5760000000000001,0.37,0
2170-06-24,5,0.5760000000000001,0.38,2
2171-06-24,1,0.452,0.53,0
2171-06-24,3,0.452,0.79,3
2171-06-24,4,0.452,0.92,1
2171-06-24,2,0.452,0.49,2
2171-06-24,5,0.452,0.56,2
2170-07-24,1,0.469,0.62,1
2170-07-24,3,0.469,0.82,0
2170-07-24,4,0.469,0.73,0
2170-07-24,2,0.469,0.46,2
2170-07-24,5,0.469,0.68,2
2171-07-24,1,0.35700000000000004,0.92,1
2171-07-24,3,0.35700000000000004,0.97,3
2171-07-24,4,0.35700000000000004,0.64,0
2171-07-24,2,0.35700000000000004,0.36,0
2171-07-24,5,0.35700000000000004,0.33,2
2171-08-24,1,0.35200000000000004,0.8,0
2171-08-24,3,0.35200000000000004,0.8,2
2171-08-24,4,0.35200000000000004,0.94,0
2171-08-24,2,0.35200000000000004,0.5,2
2171-08-24,5,0.35200000000000004,0.44,2
2170-09-24,1,0.379,1.0,0
2170-09-24,3,0.379,0.63,1
2170-09-24,4,0.379,0.89,1
2170-09-24,2,0.379,0.66,0
2170-09-24,5,0.379,0.54,0
2171-09-24,1,0.606,0.65,0
2171-09-24,3,0.606,0.88,3
2171-09-24,4,0.606,0.6,0
2171-09-24,2,0.606,0.68,2
2171-09-24,5,0.606,0.64,2
2170-01-25,1,0.785,0.78,0
2170-01-25,3,0.785,0.67,2
2170-01-25,4,0.785,0.77,0
2170-01-25,2,0.785,0.42,0
2170-01-25,5,0.785,0.36,2
2171-01-25,1,0.621,0.94,1
2171-01-25,3,0.621,0.67,3
2171-01-25,4,0.621,0.97,1
2171-01-25,2,0.621,0.51,2
2171-01-25,5,0.621,0.41,2
2170-10-25,1,0.631,0.56,0
2170-10-25,3,0.631,0.96,3
2170-10-25,4,0.631,0.86,0
2170-10-25,2,0.631,0.5,2
2170-10-25,5,0.631,0.61,2
2171-10-25,1,0.593,0.73,0
2171-10-25,3,0.593,0.93,3
2171-10-25,4,0.593,0.79,0
2171-10-25,2,0.593,0.68,0
2171-10-25,5,0.593,0.32,2
2170-11-25,1,0.684,0.56,0
2170-11-25,3,0.684,0.79,2
2170-11-25,4,0.684,0.54,0
2170-11-25,2,0.684,0.67,2
2170-11-25,5,0.684,0.49,2
2171-11-25,1,0.6509999999999999,0.93,1
2171-11-25,3,0.6509999999999999,0.7,2
2171-11-25,4,0.6509999999999999,0.9,1
2171-11-25,2,0.6509999999999999,0.69,2
2171-11-25,5,0.6509999999999999,0.33,2
2170-12-25,1,0.75,0.87,0
2170-12-25,3,0.75,0.81,2
2170-12-25,4,0.75,0.98,1
2170-12-25,2,0.75,0.53,2
2170-12-25,5,0.75,0.46,0
2171-12-25,1,0.679,0.9,1
2171-12-25,3,0.679,0.53,0
2171-12-25,4,0.679,0.88,0
2171-12-25,2,0.679,0.34,2
2171-12-25,5,0.679,0.32,0
2170-02-25,1,0.6559999999999999,0.83,1
2170-02-25,3,0.6559999999999999,0.55,2
2170-02-25,4,0.6559999999999999,0.81,1
2170-02-25,2,0.6559999999999999,0.58,2
2170-02-25,5,0.6559999999999999,0.63,2
2171-02-25,1,0.562,0.7,0
2171-02-25,3,0.562,0.94,2
2171-02-25,4,0.562,0.91,1
2171-02-25,2,0.562,0.36,2
2171-02-25,5,0.562,0.46,2
2170-03-25,1,0.59,0.83,0
2170-03-25,3,0.59,0.55,2
2170-03-25,4,0.59,0.6,0
2170-03-25,2,0.59,0.62,0
2170-03-25,5,0.59,0.59,2
2171-03-25,1,0.405,0.71,1
2171-03-25,3,0.405,0.67,0
2171-03-25,4,0.405,0.71,0
2171-03-25,2,0.405,0.38,0
2171-03-25,5,0.405,0.4,2
2170-04-25,1,0.516,0.77,0
2170-04-25,3,0.516,0.62,2
2170-04-25,4,0.516,0.94,0
2170-04-25,2,0.516,0.39,2
2170-04-25,5,0.516,0.38,2
2171-04-25,1,0.62,0.91,0
2171-04-25,3,0.62,0.76,3
2171-04-25,4,0.62,0.66,0
2171-04-25,2,0.62,0.38,2
2171-04-25,5,0.62,0.39,2
2170-05-25,1,0.49200000000000005,0.59,0
2170-05-25,3,0.49200000000000005,0.81,0
2170-05-25,4,0.49200000000000005,0.5,0
2170-05-25,2,0.49200000000000005,0.55,2
2170-05-25,5,0.49200000000000005,0.56,2
2171-05-25,1,0.539,0.51,0
2171-05-25,3,0.539,0.52,2
2171-05-25,4,0.539,0.88,1
2171-05-25,2,0.539,0.67,2
2171-05-25,5,0.539,0.32,0
2170-06-25,1,0.485,0.85,0
2170-06-25,3,0.485,0.85,0
2170-06-25,4,0.485,0.95,1
2170-06-25,2,0.485,0.34,2
2170-06-25,5,0.485,0.45,2
2171-06-25,1,0.45,0.9,0
2171-06-25,3,0.45,0.88,2
2171-06-25,4,0.45,0.59,0
2171-06-25,2,0.45,0.36,2
2171-06-25,5,0.45,0.39,0
2170-07-25,1,0.516,0.63,0
2170-07-25,3,0.516,0.57,2
2170-07-25,4,0.516,0.81,1
2170-07-25,2,0.516,0.52,0
2170-07-25,5,0.516,0.46,0
2171-07-25,1,0.424,0.51,0
2171-07-25,3,0.424,0.64,2
2171-07-25,4,0.424,0.94,0
2171-07-25,2,0.424,0.41,2
2171-07-25,5,0.424,0.54,0
2171-08-25,1,0.45299999999999996,0.62,1
2171-08-25,3,0.45299999999999996,0.78,3
2171-08-25,4,0.45299999999999996,0.77,1
2171-08-25,2,0.45299999999999996,0.42,0
2171-08-25,5,0.45299999999999996,0.34,2
2170-09-25,1,0.503,0.59,0
2170-09-25,3,0.503,0.87,2
2170-09-25,4,0.503,0.85,1
2170-09-25,2,0.503,0.57,0
2170-09-25,5,0.503,0.4,2
2171-09-25,1,0.461,0.84,1
2171-09-25,3,0.461,0.63,2
2171-09-25,4,0.461,0.97,1
2171-09-25,2,0.461,0.49,2
2171-09-25,5,0.461,0.66,2
2170-01-26,1,0.518,0.61,0
2170-01-26,3,0.518,0.79,3
2170-01-26,4,0.518,0.74,1
2170-01-26,2,0.518,0.32,2
2170-01-26,5,0.518,0.59,2
2171-01-26,1,0.672,0.64,1
2171-01-26,3,0.672,0.51,2
2171-01-26,4,0.672,0.82,1
2171-01-26,2,0.672,0.5,2
2171-01-26,5,0.672,0.46,2
2170-10-26,1,0.61,0.78,1
2170-10-26,3,0.61,0.86,0
2170-10-26,4,0.61,0.76,0
2170-10-26,2,0.61,0.63,2
2170-10-26,5,0.61,0.35,2
2171-10-26,1,0.715,0.79,1
2171-10-26,3,0.715,0.93,3
2171-10-26,4,0.715,0.62,1
2171-10-26,2,0.715,0.37,2
2171-10-26,5,0.715,0.48,2
2170-11-26,1,0.6559999999999999,0.72,0
2170-11-26,3,0.6559999999999999,0.88,3
2170-11-26,4,0.6559999999999999,0.96,0
2170-11-26,2,0.6559999999999999,0.35,2
2170-11-26,5,0.6559999999999999,0.61,2
2171-11-26,1,0.8,0.82,1
2171-11-26,3,0.8,0.88,1
2171-11-26,4,0.8,0.8,0
2171-11-26,2,0.8,0.58,2
2171-11-26,5,0.8,0.44,2
2170-12-26,1,0.528,0.69,0
2170-12-26,3,0.528,0.93,3
2170-12-26,4,0.528,0.61,1
2170-12-26,2,0.528,0.46,2
2170-12-26,5,0.528,0.35,2
2171-12-26,1,0.639,0.55,0
2171-12-26,3,0.639,0.94,3
2171-12-26,4,0.639,0.72,1
2171-12-26,2,0.639,0.6,2
2171-12-26,5,0.639,0.51,2
2170-02-26,1,0.6759999999999999,0.63,0
2170-02-26,3,0.6759999999999999,0.79,0
2170-02-26,4,0.6759999999999999,0.55,0
2170-02-26,2,0.6759999999999999,0.67,2
2170-02-26,5,0.6759999999999999,0.47,2
2171-02-26,1,0.547,0.63,1
2171-02-26,3,0.547,0.77,3
2171-02-26,4,0.547,0.99,1
2171-02-26,2,0.547,0.48,2
2171-02-26,5,0.547,0.69,0
2170-03-26,1,0.521,0.78,1
2170-03-26,3,0.521,0.79,3
2170-03-26,4,0.521,0.63,1
2170-03-26,2,0.521,0.36,2
2170-03-26,5,0.521,0.4,2
2171-03-26,1,0.48100000000000004,0.77,1
2171-03-26,3,0.48100000000000004,0.78,3
2171-03-26,4,0.48100000000000004,0.6,0
2171-03-26,2,0.48100000000000004,0.48,2
2171-03-26,5,0.48100000000000004,0.36,0
2170-04-26,1,0.613,0.55,0
2170-04-26,3,0.613,0.73,3
2170-04-26,4,0.613,0.78,0
2170-04-26,2,0.613,0.56,0
2170-04-26,5,0.613,0.56,0
2171-04-26,1,0.391,0.69,0
2171-04-26,3,0.391,0.92,3
2171-04-26,4,0.391,0.52,0
2171-04-26,2,0.391,0.42,0
2171-04-26,5,0.391,0.58,0
2170-05-26,1,0.5489999999999999,0.78,1
2170-05-26,3,0.5489999999999999,0.65,2
2170-05-26,4,0.5489999999999999,0.65,0
2170-05-26,2,0.5489999999999999,0.55,0
2170-05-26,5,0.5489999999999999,0.59,0
2171-05-26,1,0.556,0.7,0
2171-05-26,3,0.556,0.83,0
2171-05-26,4,0.556,0.59,0
2171-05-26,2,0.556,0.33,2
2171-05-26,5,0.556,0.57,0
2170-06-26,1,0.456,0.66,1
2170-06-26,3,0.456,0.67,2
2170-06-26,4,0.456,0.84,1
2170-06-26,2,0.456,0.58,0
2170-06-26,5,0.456,0.68,0
2171-06-26,1,0.526,0.52,0
2171-06-26,3,0.526,0.98,0
2171-06-26,4,0.526,0.84,0
2171-06-26,2,0.526,0.31,2
2171-06-26,5,0.526,0.47,0
2170-07-26,1,0.525,0.5,0
2170-07-26,3,0.525,0.72,2
2170-07-26,4,0.525,0.69,1
2170-07-26,2,0.525,0.42,2
2170-07-26,5,0.525,0.51,0
2171-07-26,1,0.42,0.83,0
2171-07-26,3,0.42,0.58,2
2171-07-26,4,0.42,0.96,0
2171-07-26,2,0.42,0.65,2
2171-07-26,5,0.42,0.59,0
2171-08-26,1,0.319,0.99,0
2171-08-26,3,0.319,0.98,2
2171-08-26,4,0.319,0.59,0
2171-08-26,2,0.319,0.36,0
2171-08-26,5,0.319,0.66,2
2170-09-26,1,0.508,0.57,0
2170-09-26,3,0.508,0.66,3
2170-09-26,4,0.508,0.69,0
2170-09-26,2,0.508,0.45,2
2170-09-26,5,0.508,0.54,2
2171-09-26,1,0.478,0.52,0
2171-09-26,3,0.478,0.87,1
2171-09-26,4,0.478,0.65,1
2171-09-26,2,0.478,0.53,2
2171-09-26,5,0.478,0.53,2
2170-01-27,1,0.847,0.96,0
2170-01-27,3,0.847,0.51,2
2170-01-27,4,0.847,0.99,1
2170-01-27,2,0.847,0.38,0
2170-01-27,5,0.847,0.34,2
2171-01-27,1,0.7709999999999999,0.83,0
2171-01-27,3,0.7709999999999999,0.6,2
2171-01-27,4,0.7709999999999999,0.81,1
2171-01-27,2,0.7709999999999999,0.6,2
2171-01-27,5,0.7709999999999999,0.3,2
2170-10-27,1,0.589,0.94,1
2170-10-27,3,0.589,0.66,3
2170-10-27,4,0.589,0.91,0
2170-10-27,2,0.589,0.37,0
2170-10-27,5,0.589,0.56,2
2171-10-27,1,0.72,0.9,0
2171-10-27,3,0.72,0.7,2
2171-10-27,4,0.72,0.71,1
2171-10-27,2,0.72,0.36,2
2171-10-27,5,0.72,0.34,2
2170-11-27,1,0.75,0.54,0
2170-11-27,3,0.75,0.71,0
2170-11-27,4,0.75,0.85,0
2170-11-27,2,0.75,0.34,2
2170-11-27,5,0.75,0.44,0
2171-11-27,1,0.6890000000000001,0.95,0
2171-11-27,3,0.6890000000000001,0.53,0
2171-11-27,4,0.6890000000000001,0.94,1
2171-11-27,2,0.6890000000000001,0.44,2
2171-11-27,5,0.6890000000000001,0.61,2
2170-12-27,1,0.7020000000000001,0.61,0
2170-12-27,3,0.7020000000000001,0.57,0
2170-12-27,4,0.7020000000000001,0.88,1
2170-12-27,2,0.7020000000000001,0.31,0
2170-12-27,5,0.7020000000000001,0.41,2
2171-12-27,1,0.716,0.74,1
2171-12-27,3,0.716,0.81,3
2171-12-27,4,0.716,0.66,0
2171-12-27,2,0.716,0.37,2
2171-12-27,5,0.716,0.49,2
2170-02-27,1,0.634,0.81,0
2170-02-27,3,0.634,0.75,3
2170-02-27,4,0.634,0.82,0
2170-02-27,2,0.634,0.62,2
2170-02-27,5,0.634,0.44,0
2171-02-27,1,0.606,0.54,0
2171-02-27,3,0.606,0.66,3
2171-02-27,4,0.606,0.83,0
2171-02-27,2,0.606,0.48,2
2171-02-27,5,0.606,0.49,2
2170-03-27,1,0.491,0.53,0
2170-03-27,3,0.491,0.72,3
2170-03-27,4,0.491,0.94,1
2170-03-27,2,0.491,0.48,2
2170-03-27,5,0.491,0.41,2
2171-03-27,1,0.361,0.85,1
2171-03-27,3,0.361,0.61,0
2171-03-27,4,0.361,0.94,0
2171-03-27,2,0.361,0.57,2
2171-03-27,5,0.361,0.45,0
2170-04-27,1,0.71,0.95,0
2170-04-27,3,0.71,0.89,2
2170-04-27,4,0.71,0.83,1
2170-04-27,2,0.71,0.49,2
2170-04-27,5,0.71,0.45,2
2171-04-27,1,0.513,0.57,0
2171-04-27,3,0.513,0.59,2
2171-04-27,4,0.513,0.53,0
2171-04-27,2,0.513,0.47,2
2171-04-27,5,0.513,0.42,2
2170-05-27,1,0.518,0.69,0
2170-05-27,3,0.518,0.69,2
2170-05-27,4,0.518,0.54,0
2170-05-27,2,0.518,0.64,2
2170-05-27,5,0.518,0.49,2
2171-05-27,1,0.6,0.78,1
2171-05-27,3,0.6,0.72,2
2171-05-27,4,0.6,0.79,1
2171-05-27,2,0.6,0.56,2
2171-05-27,5,0.6,0.59,2
2170-06-27,1,0.653,0.87,0
2170-06-27,3,0.653,0.73,3
2170-06-27,4,0.653,0.61,1
2170-06-27,2,0.653,0.6,2
2170-06-27,5,0.653,0.6,2
2171-06-27,1,0.544,0.9,1
2171-06-27,3,0.544,0.65,3
2171-06-27,4,0.544,0.96,0
2171-06-27,2,0.544,0.5,2
2171-06-27,5,0.544,0.56,2
2170-07-27,1,0.43200000000000005,0.67,0
2170-07-27,3,0.43200000000000005,0.93,2
2170-07-27,4,0.43200000000000005,0.57,0
2170-07-27,2,0.43200000000000005,0.59,2
2170-07-27,5,0.43200000000000005,0.39,2
2171-07-27,1,0.348,0.9,1
2171-07-27,3,0.348,0.94,2
2171-07-27,4,0.348,0.54,0
2171-07-27,2,0.348,0.66,2
2171-07-27,5,0.348,0.47,2
2171-08-27,1,0.377,0.7,0
2171-08-27,3,0.377,0.66,3
2171-08-27,4,0.377,0.84,0
2171-08-27,2,0.377,0.4,2
2171-08-27,5,0.377,0.34,2
2170-09-27,1,0.473,0.78,0
2170-09-27,3,0.473,0.67,0
2170-09-27,4,0.473,0.94,0
2170-09-27,2,0.473,0.32,2
2170-09-27,5,0.473,0.34,2
2171-09-27,1,0.556,0.96,1
2171-09-27,3,0.556,0.69,3
2171-09-27,4,0.556,0.9,0
2171-09-27,2,0.556,0.58,2
2171-09-27,5,0.556,0.6,2
2170-01-28,1,0.721,0.98,0
2170-01-28,3,0.721,0.79,2
2170-01-28,4,0.721,0.8,0
2170-01-28,2,0.721,0.69,2
2170-01-28,5,0.721,0.61,0
2170-10-28,1,0.5770000000000001,0.6,0
2170-10-28,3,0.5770000000000001,0.63,2
2170-10-28,4,0.5770000000000001,0.78,1
2170-10-28,2,0.5770000000000001,0.3,2
2170-10-28,5,0.5770000000000001,0.66,0
2171-10-28,1,0.645,0.53,0
2171-10-28,3,0.645,0.82,3
2171-10-28,4,0.645,0.97,0
2171-10-28,2,0.645,0.37,2
2171-10-28,5,0.645,0.41,2
2170-11-28,1,0.584,0.6,0
2170-11-28,3,0.584,0.52,0
2170-11-28,4,0.584,0.65,0
2170-11-28,2,0.584,0.3,2
2170-11-28,5,0.584,0.31,2
2171-11-28,1,0.62,0.57,0
2171-11-28,3,0.62,0.53,0
2171-11-28,4,0.62,0.86,1
2171-11-28,2,0.62,0.43,2
2171-11-28,5,0.62,0.66,2
2170-12-28,1,0.787,0.66,1
2170-12-28,3,0.787,0.82,3
2170-12-28,4,0.787,0.76,0
2170-12-28,2,0.787,0.43,2
2170-12-28,5,0.787,0.42,2
2171-12-28,1,0.6859999999999999,0.63,1
2171-12-28,3,0.6859999999999999,0.96,0
2171-12-28,4,0.6859999999999999,0.64,1
2171-12-28,2,0.6859999999999999,0.47,2
2171-12-28,5,0.6859999999999999,0.56,2
2170-02-28,1,0.342,0.57,0
2170-02-28,3,0.342,0.93,1
2170-02-28,4,0.342,0.77,1
2170-02-28,2,0.342,0.65,0
2170-02-28,5,0.342,0.66,2
2171-02-28,1,0.5820000000000001,0.6,0
2171-02-28,3,0.5820000000000001,0.74,3
2171-02-28,4,0.5820000000000001,0.89,1
2171-02-28,2,0.5820000000000001,0.55,0
2171-02-28,5,0.5820000000000001,0.7,0
2170-03-28,1,0.489,0.96,1
2170-03-28,3,0.489,0.79,3
2170-03-28,4,0.489,0.58,0
2170-03-28,2,0.489,0.3,0
2170-03-28,5,0.489,0.67,0
2171-03-28,1,0.33,0.84,0
2171-03-28,3,0.33,0.95,0
2171-03-28,4,0.33,0.97,1
2171-03-28,2,0.33,0.6,2
2171-03-28,5,0.33,0.61,2
2170-04-28,1,0.721,0.78,0
2170-04-28,3,0.721,0.56,0
2170-04-28,4,0.721,0.98,1
2170-04-28,2,0.721,0.39,2
2170-04-28,5,0.721,0.58,0
2171-04-28,1,0.743,0.78,1
2171-04-28,3,0.743,0.84,3
2171-04-28,4,0.743,0.65,1
2171-04-28,2,0.743,0.38,2
2171-04-28,5,0.743,0.58,2
2170-05-28,1,0.353,0.53,0
2170-05-28,3,0.353,0.75,2
2170-05-28,4,0.353,0.84,0
2170-05-28,2,0.353,0.65,2
2170-05-28,5,0.353,0.44,0
2171-05-28,1,0.4,0.83,0
2171-05-28,3,0.4,0.57,2
2171-05-28,4,0.4,0.54,0
2171-05-28,2,0.4,0.4,0
2171-05-28,5,0.4,0.49,2
2170-06-28,1,0.405,0.86,1
2170-06-28,3,0.405,0.99,3
2170-06-28,4,0.405,0.62,0
2170-06-28,2,0.405,0.36,0
2170-06-28,5,0.405,0.51,2
2171-06-28,1,0.436,0.66,1
2171-06-28,3,0.436,0.79,0
2171-06-28,4,0.436,0.9,1
2171-06-28,2,0.436,0.49,0
2171-06-28,5,0.436,0.34,2
2170-07-28,1,0.51,0.83,0
2170-07-28,3,0.51,0.87,2
2170-07-28,4,0.51,0.7,0
2170-07-28,2,0.51,0.5,2
2170-07-28,5,0.51,0.46,2
2171-07-28,1,0.39899999999999997,0.72,0
2171-07-28,3,0.39899999999999997,0.55,0
2171-07-28,4,0.39899999999999997,0.97,0
2171-07-28,2,0.39899999999999997,0.4,2
2171-07-28,5,0.39899999999999997,0.41,2
2171-08-28,1,0.299,0.7,1
2171-08-28,3,0.299,0.78,2
2171-08-28,4,0.299,0.82,0
2171-08-28,2,0.299,0.62,2
2171-08-28,5,0.299,0.58,2
2170-09-28,1,0.467,0.75,0
2170-09-28,3,0.467,0.78,3
2170-09-28,4,0.467,0.62,0
2170-09-28,2,0.467,0.32,2
2170-09-28,5,0.467,0.42,2
2171-09-28,1,0.6459999999999999,0.59,0
2171-09-28,3,0.6459999999999999,0.93,3
2171-09-28,4,0.6459999999999999,0.67,0
2171-09-28,2,0.6459999999999999,0.57,2
2171-09-28,5,0.6459999999999999,0.54,0
2170-01-29,1,0.627,0.89,0
2170-01-29,3,0.627,0.5,2
2170-01-29,4,0.627,0.65,1
2170-01-29,2,0.627,0.57,2
2170-01-29,5,0.627,0.59,0
2171-01-29,1,0.6659999999999999,0.55,0
2171-01-29,3,0.6659999999999999,0.89,2
2171-01-29,4,0.6659999999999999,0.62,1
2171-01-29,2,0.6659999999999999,0.68,2
2171-01-29,5,0.6659999999999999,0.67,2
2170-10-29,1,0.5760000000000001,0.79,0
2170-10-29,3,0.5760000000000001,0.98,2
2170-10-29,4,0.5760000000000001,0.55,0
2170-10-29,2,0.5760000000000001,0.55,2
2170-10-29,5,0.5760000000000001,0.37,2
2171-10-29,1,0.639,0.92,1
2171-10-29,3,0.639,0.52,2
2171-10-29,4,0.639,0.82,0
2171-10-29,2,0.639,0.54,2
2171-10-29,5,0.639,0.56,2
2170-11-29,1,0.617,0.76,1
2170-11-29,3,0.617,0.96,3
2170-11-29,4,0.617,0.55,0
2170-11-29,2,0.617,0.65,2
2170-11-29,5,0.617,0.32,2
2171-11-29,1,0.675,0.71,1
2171-11-29,3,0.675,0.79,1
2171-11-29,4,0.675,0.78,0
2171-11-29,2,0.675,0.62,2
2171-11-29,5,0.675,0.36,0
2170-12-29,1,0.715,0.63,0
2170-12-29,3,0.715,0.8,1
2170-12-29,4,0.715,0.53,0
2170-12-29,2,0.715,0.43,2
2170-12-29,5,0.715,0.52,2
2171-12-29,1,0.713,0.55,0
2171-12-29,3,0.713,0.83,3
2171-12-29,4,0.713,0.87,0
2171-12-29,2,0.713,0.31,2
2171-12-29,5,0.713,0.37,2
2170-03-29,1,0.43799999999999994,0.54,0
2170-03-29,3,0.43799999999999994,0.83,2
2170-03-29,4,0.43799999999999994,0.98,0
2170-03-29,2,0.43799999999999994,0.55,2
2170-03-29,5,0.43799999999999994,0.38,0
2171-03-29,1,0.479,0.85,1
2171-03-29,3,0.479,0.71,2
2171-03-29,4,0.479,0.93,0
2171-03-29,2,0.479,0.58,2
2171-03-29,5,0.479,0.32,0
2170-04-29,1,0.5589999999999999,0.98,1
2170-04-29,3,0.5589999999999999,0.79,3
2170-04-29,4,0.5589999999999999,0.61,1
2170-04-29,2,0.5589999999999999,0.31,2
2170-04-29,5,0.5589999999999999,0.57,2
2171-04-29,1,0.643,0.57,0
2171-04-29,3,0.643,0.58,2
2171-04-29,4,0.643,0.66,1
2171-04-29,2,0.643,0.56,2
2171-04-29,5,0.643,0.65,2
2170-05-29,1,0.563,0.58,0
2170-05-29,3,0.563,0.94,3
2170-05-29,4,0.563,0.95,0
2170-05-29,2,0.563,0.66,2
2170-05-29,5,0.563,0.34,2
2171-05-29,1,0.341,0.53,0
2171-05-29,3,0.341,0.69,2
2171-05-29,4,0.341,0.92,0
2171-05-29,2,0.341,0.49,0
2171-05-29,5,0.341,0.49,2
2170-06-29,1,0.431,0.7,0
2170-06-29,3,0.431,1.0,0
2170-06-29,4,0.431,0.94,1
2170-06-29,2,0.431,0.45,2
2170-06-29,5,0.431,0.38,2
2171-06-29,1,0.38799999999999996,0.78,1
2171-06-29,3,0.38799999999999996,0.53,2
2171-06-29,4,0.38799999999999996,0.81,1
2171-06-29,2,0.38799999999999996,0.68,2
2171-06-29,5,0.38799999999999996,0.61,2
2170-07-29,1,0.512,0.84,0
2170-07-29,3,0.512,0.94,2
2170-07-29,4,0.512,0.62,0
2170-07-29,2,0.512,0.46,2
2170-07-29,5,0.512,0.66,2
2171-07-29,1,0.45799999999999996,0.85,1
2171-07-29,3,0.45799999999999996,0.65,0
2171-07-29,4,0.45799999999999996,0.56,0
2171-07-29,2,0.45799999999999996,0.65,2
2171-07-29,5,0.45799999999999996,0.31,2
2171-08-29,1,0.452,0.62,0
2171-08-29,3,0.452,0.81,3
2171-08-29,4,0.452,0.58,0
2171-08-29,2,0.452,0.51,2
2171-08-29,5,0.452,0.5,2
2170-09-29,1,0.547,0.61,1
2170-09-29,3,0.547,0.95,3
2170-09-29,4,0.547,0.7,1
2170-09-29,2,0.547,0.57,0
2170-09-29,5,0.547,0.59,2
2171-09-29,1,0.705,1.0,0
2171-09-29,3,0.705,0.94,1
2171-09-29,4,0.705,0.92,1
2171-09-29,2,0.705,0.65,2
2171-09-29,5,0.705,0.52,2
2170-01-03,1,0.644,0.82,0
2170-01-03,3,0.644,0.65,2
2170-01-03,4,0.644,0.51,0
2170-01-03,2,0.644,0.58,2
2170-01-03,5,0.644,0.61,0
2171-01-03,1,0.6990000000000001,0.67,0
2171-01-03,3,0.6990000000000001,0.81,3
2171-01-03,4,0.6990000000000001,0.84,1
2171-01-03,2,0.6990000000000001,0.43,2
2171-01-03,5,0.6990000000000001,0.39,2
2170-10-03,1,0.652,0.86,0
2170-10-03,3,0.652,0.7,0
2170-10-03,4,0.652,0.68,0
2170-10-03,2,0.652,0.38,2
2170-10-03,5,0.652,0.56,2
2171-10-03,1,0.672,0.78,1
2171-10-03,3,0.672,0.6,0
2171-10-03,4,0.672,0.97,0
2171-10-03,2,0.672,0.35,2
2171-10-03,5,0.672,0.43,2
2170-11-03,1,0.636,0.72,1
2170-11-03,3,0.636,1.0,0
2170-11-03,4,0.636,0.64,1
2170-11-03,2,0.636,0.65,2
2170-11-03,5,0.636,0.35,2
2171-11-03,1,0.72,0.54,0
2171-11-03,3,0.72,0.75,3
2171-11-03,4,0.72,0.75,1
2171-11-03,2,0.72,0.66,2
2171-11-03,5,0.72,0.46,0
2170-12-03,1,0.5720000000000001,0.8,0
2170-12-03,3,0.5720000000000001,0.75,3
2170-12-03,4,0.5720000000000001,0.56,0
2170-12-03,2,0.5720000000000001,0.47,2
2170-12-03,5,0.5720000000000001,0.51,2
2171-12-03,1,0.602,0.74,0
2171-12-03,3,0.602,0.9,2
2171-12-03,4,0.602,0.81,1
2171-12-03,2,0.602,0.65,0
2171-12-03,5,0.602,0.43,2
2170-02-03,1,0.716,0.88,1
2170-02-03,3,0.716,0.9,3
2170-02-03,4,0.716,0.64,0
2170-02-03,2,0.716,0.32,0
2170-02-03,5,0.716,0.55,2
2171-02-03,1,0.728,0.89,1
2171-02-03,3,0.728,0.72,3
2171-02-03,4,0.728,0.62,0
2171-02-03,2,0.728,0.57,2
2171-02-03,5,0.728,0.52,0
2170-03-03,1,0.585,0.86,1
2170-03-03,3,0.585,0.79,3
2170-03-03,4,0.585,0.51,0
2170-03-03,2,0.585,0.6,2
2170-03-03,5,0.585,0.37,2
2171-03-03,1,0.6829999999999999,0.58,0
2171-03-03,3,0.6829999999999999,0.85,3
2171-03-03,4,0.6829999999999999,0.89,0
2171-03-03,2,0.6829999999999999,0.56,2
2171-03-03,5,0.6829999999999999,0.4,2
2170-04-03,1,0.46299999999999997,0.59,0
2170-04-03,3,0.46299999999999997,0.98,3
2170-04-03,4,0.46299999999999997,0.64,1
2170-04-03,2,0.46299999999999997,0.41,2
2170-04-03,5,0.46299999999999997,0.62,0
2171-04-03,1,0.612,0.74,0
2171-04-03,3,0.612,0.74,3
2171-04-03,4,0.612,0.59,0
2171-04-03,2,0.612,0.34,2
2171-04-03,5,0.612,0.39,2
2170-05-03,1,0.396,0.95,0
2170-05-03,3,0.396,0.72,0
2170-05-03,4,0.396,0.52,0
2170-05-03,2,0.396,0.58,2
2170-05-03,5,0.396,0.61,0
2171-05-03,1,0.609,0.85,0
2171-05-03,3,0.609,0.95,3
2171-05-03,4,0.609,0.86,0
2171-05-03,2,0.609,0.61,2
2171-05-03,5,0.609,0.48,2
2170-06-03,1,0.551,0.97,0
2170-06-03,3,0.551,0.79,3
2170-06-03,4,0.551,0.58,0
2170-06-03,2,0.551,0.65,0
2170-06-03,5,0.551,0.5,2
2171-06-03,1,0.511,0.95,1
2171-06-03,3,0.511,0.8,2
2171-06-03,4,0.511,0.76,1
2171-06-03,2,0.511,0.56,0
2171-06-03,5,0.511,0.66,2
2170-07-03,1,0.5539999999999999,0.69,0
2170-07-03,3,0.5539999999999999,0.85,0
2170-07-03,4,0.5539999999999999,0.97,0
2170-07-03,2,0.5539999999999999,0.57,2
2170-07-03,5,0.5539999999999999,0.43,2
2171-07-03,1,0.39299999999999996,0.98,1
2171-07-03,3,0.39299999999999996,0.83,3
2171-07-03,4,0.39299999999999996,0.71,0
2171-07-03,2,0.39299999999999996,0.53,2
2171-07-03,5,0.39299999999999996,0.47,2
2170-08-03,1,0.484,0.69,1
2170-08-03,3,0.484,0.5,2
2170-08-03,4,0.484,0.88,0
2170-08-03,2,0.484,0.41,2
2170-08-03,5,0.484,0.41,2
2171-08-03,1,0.311,0.7,1
2171-08-03,3,0.311,0.62,0
2171-08-03,4,0.311,0.79,0
2171-08-03,2,0.311,0.57,2
2171-08-03,5,0.311,0.54,0
2171-09-03,1,0.44,0.89,1
2171-09-03,3,0.44,0.62,3
2171-09-03,4,0.44,0.69,1
2171-09-03,2,0.44,0.39,2
2171-09-03,5,0.44,0.51,2
2170-01-30,1,0.635,0.93,0
2170-01-30,3,0.635,0.78,2
2170-01-30,4,0.635,0.53,0
2170-01-30,2,0.635,0.44,2
2170-01-30,5,0.635,0.54,0
2171-01-30,1,0.698,0.65,0
2171-01-30,3,0.698,0.53,2
2171-01-30,4,0.698,0.81,1
2171-01-30,2,0.698,0.5,2
2171-01-30,5,0.698,0.39,0
2170-10-30,1,0.56,0.73,1
2170-10-30,3,0.56,0.54,2
2170-10-30,4,0.56,0.63,1
2170-10-30,2,0.56,0.51,2
2170-10-30,5,0.56,0.48,2
2171-10-30,1,0.527,0.85,1
2171-10-30,3,0.527,0.94,2
2171-10-30,4,0.527,0.98,0
2171-10-30,2,0.527,0.6,0
2171-10-30,5,0.527,0.4,0
2170-11-30,1,0.5579999999999999,0.62,0
2170-11-30,3,0.5579999999999999,0.55,2
2170-11-30,4,0.5579999999999999,0.69,1
2170-11-30,2,0.5579999999999999,0.69,2
2170-11-30,5,0.5579999999999999,0.39,2
2171-11-30,1,0.7040000000000001,0.76,1
2171-11-30,3,0.7040000000000001,0.58,2
2171-11-30,4,0.7040000000000001,0.56,0
2171-11-30,2,0.7040000000000001,0.44,2
2171-11-30,5,0.7040000000000001,0.63,0
2170-12-30,1,0.778,0.54,0
2170-12-30,3,0.778,0.72,2
2170-12-30,4,0.778,0.78,0
2170-12-30,2,0.778,0.63,0
2170-12-30,5,0.778,0.65,2
2171-12-30,1,0.6759999999999999,1.0,0
2171-12-30,3,0.6759999999999999,0.58,2
2171-12-30,4,0.6759999999999999,0.51,0
2171-12-30,2,0.6759999999999999,0.47,2
2171-12-30,5,0.6759999999999999,0.61,2
2170-03-30,1,0.41700000000000004,0.53,0
2170-03-30,3,0.41700000000000004,0.71,2
2170-03-30,4,0.41700000000000004,0.77,1
2170-03-30,2,0.41700000000000004,0.51,2
2170-03-30,5,0.41700000000000004,0.46,2
2171-03-30,1,0.633,0.9,0
2171-03-30,3,0.633,0.7,3
2171-03-30,4,0.633,0.5,0
2171-03-30,2,0.633,0.34,2
2171-03-30,5,0.633,0.39,2
2170-04-30,1,0.638,0.85,0
2170-04-30,3,0.638,0.76,3
2170-04-30,4,0.638,0.57,0
2170-04-30,2,0.638,0.41,2
2170-04-30,5,0.638,0.65,2
2171-04-30,1,0.517,0.56,0
2171-04-30,3,0.517,0.92,3
2171-04-30,4,0.517,0.85,0
2171-04-30,2,0.517,0.31,0
2171-04-30,5,0.517,0.63,2
2170-05-30,1,0.539,0.85,1
2170-05-30,3,0.539,0.69,3
2170-05-30,4,0.539,0.85,0
2170-05-30,2,0.539,0.33,0
2170-05-30,5,0.539,0.48,0
2171-05-30,1,0.433,0.51,0
2171-05-30,3,0.433,0.93,2
2171-05-30,4,0.433,0.9,0
2171-05-30,2,0.433,0.46,2
2171-05-30,5,0.433,0.37,2
2170-06-30,1,0.504,0.9,1
2170-06-30,3,0.504,0.89,3
2170-06-30,4,0.504,0.91,1
2170-06-30,2,0.504,0.31,0
2170-06-30,5,0.504,0.47,0
2171-06-30,1,0.594,0.74,0
2171-06-30,3,0.594,0.94,3
2171-06-30,4,0.594,0.97,0
2171-06-30,2,0.594,0.63,2
2171-06-30,5,0.594,0.58,2
2170-07-30,1,0.535,0.85,1
2170-07-30,3,0.535,0.82,3
2170-07-30,4,0.535,0.56,0
2170-07-30,2,0.535,0.43,2
2170-07-30,5,0.535,0.47,2
2171-07-30,1,0.354,0.67,0
2171-07-30,3,0.354,0.72,3
2171-07-30,4,0.354,0.61,0
2171-07-30,2,0.354,0.36,2
2171-07-30,5,0.354,0.7,0
2171-08-30,1,0.341,0.66,1
2171-08-30,3,0.341,0.6,0
2171-08-30,4,0.341,0.91,1
2171-08-30,2,0.341,0.54,2
2171-08-30,5,0.341,0.32,2
2171-09-30,1,0.556,0.65,0
2171-09-30,3,0.556,0.72,3
2171-09-30,4,0.556,0.67,1
2171-09-30,2,0.556,0.43,2
2171-09-30,5,0.556,0.58,0
2170-01-31,1,0.738,0.75,1
2170-01-31,3,0.738,0.5,2
2170-01-31,4,0.738,0.79,0
2170-01-31,2,0.738,0.59,2
2170-01-31,5,0.738,0.45,0
2171-01-31,1,0.826,0.53,0
2171-01-31,3,0.826,0.56,2
2171-01-31,4,0.826,0.89,0
2171-01-31,2,0.826,0.37,2
2171-01-31,5,0.826,0.49,2
2170-10-31,1,0.6829999999999999,0.69,1
2170-10-31,3,0.6829999999999999,0.72,0
2170-10-31,4,0.6829999999999999,0.61,1
2170-10-31,2,0.6829999999999999,0.31,2
2170-10-31,5,0.6829999999999999,0.56,2
2171-10-31,1,0.504,0.94,0
2171-10-31,3,0.504,0.72,3
2171-10-31,4,0.504,0.83,1
2171-10-31,2,0.504,0.35,2
2171-10-31,5,0.504,0.39,2
2170-12-31,1,0.621,0.88,0
2170-12-31,3,0.621,0.9,3
2170-12-31,4,0.621,0.77,0
2170-12-31,2,0.621,0.57,2
2170-12-31,5,0.621,0.57,2
2171-12-31,1,0.622,0.95,0
2171-12-31,3,0.622,0.86,2
2171-12-31,4,0.622,0.58,0
2171-12-31,2,0.622,0.51,2
2171-12-31,5,0.622,0.42,2
2170-03-31,1,0.36200000000000004,0.94,0
2170-03-31,3,0.36200000000000004,0.8,0
2170-03-31,4,0.36200000000000004,0.94,0
2170-03-31,2,0.36200000000000004,0.69,2
2170-03-31,5,0.36200000000000004,0.5,2
2171-03-31,1,0.691,0.72,1
2171-03-31,3,0.691,0.64,3
2171-03-31,4,0.691,0.72,0
2171-03-31,2,0.691,0.52,2
2171-03-31,5,0.691,0.45,2
2170-05-31,1,0.494,0.76,0
2170-05-31,3,0.494,0.77,3
2170-05-31,4,0.494,0.64,0
2170-05-31,2,0.494,0.65,2
2170-05-31,5,0.494,0.51,2
2171-05-31,1,0.359,0.71,1
2171-05-31,3,0.359,0.66,3
2171-05-31,4,0.359,0.52,0
2171-05-31,2,0.359,0.58,0
2171-05-31,5,0.359,0.52,2
2170-07-31,1,0.642,0.94,1
2170-07-31,3,0.642,0.64,0
2170-07-31,4,0.642,0.93,1
2170-07-31,2,0.642,0.39,0
2170-07-31,5,0.642,0.52,0
2171-07-31,1,0.278,0.57,0
2171-07-31,3,0.278,0.61,2
2171-07-31,4,0.278,0.97,0
2171-07-31,2,0.278,0.35,0
2171-07-31,5,0.278,0.67,2
2171-08-31,1,0.48100000000000004,0.84,1
2171-08-31,3,0.48100000000000004,0.86,3
2171-08-31,4,0.48100000000000004,0.66,0
2171-08-31,2,0.48100000000000004,0.35,0
2171-08-31,5,0.48100000000000004,0.46,0
2170-01-04,1,0.63,0.89,1
2170-01-04,3,0.63,0.87,3
2170-01-04,4,0.63,0.56,0
2170-01-04,2,0.63,0.52,2
2170-01-04,5,0.63,0.51,2
2171-01-04,1,0.698,0.68,0
2171-01-04,3,0.698,0.94,3
2171-01-04,4,0.698,0.57,0
2171-01-04,2,0.698,0.41,2
2171-01-04,5,0.698,0.6,0
2170-10-04,1,0.644,0.81,1
2170-10-04,3,0.644,1.0,1
2170-10-04,4,0.644,0.92,1
2170-10-04,2,0.644,0.46,0
2170-10-04,5,0.644,0.5,2
2171-10-04,1,0.617,0.72,0
2171-10-04,3,0.617,0.54,2
2171-10-04,4,0.617,0.76,0
2171-10-04,2,0.617,0.37,2
2171-10-04,5,0.617,0.52,2
2170-11-04,1,0.723,0.84,0
2170-11-04,3,0.723,0.84,0
2170-11-04,4,0.723,0.52,0
2170-11-04,2,0.723,0.45,2
2170-11-04,5,0.723,0.33,2
2171-11-04,1,0.596,0.64,0
2171-11-04,3,0.596,0.74,3
2171-11-04,4,0.596,0.62,1
2171-11-04,2,0.596,0.59,2
2171-11-04,5,0.596,0.43,2
2170-12-04,1,0.603,0.87,0
2170-12-04,3,0.603,0.76,3
2170-12-04,4,0.603,0.67,0
2170-12-04,2,0.603,0.41,2
2170-12-04,5,0.603,0.37,2
2171-12-04,1,0.654,0.79,0
2171-12-04,3,0.654,0.93,2
2171-12-04,4,0.654,0.69,1
2171-12-04,2,0.654,0.62,0
2171-12-04,5,0.654,0.65,0
2170-02-04,1,0.6679999999999999,0.64,0
2170-02-04,3,0.6679999999999999,0.83,0
2170-02-04,4,0.6679999999999999,0.94,1
2170-02-04,2,0.6679999999999999,0.32,2
2170-02-04,5,0.6679999999999999,0.59,0
2171-02-04,1,0.6559999999999999,0.72,0
2171-02-04,3,0.6559999999999999,0.51,2
2171-02-04,4,0.6559999999999999,0.94,0
2171-02-04,2,0.6559999999999999,0.3,2
2171-02-04,5,0.6559999999999999,0.48,2
2170-03-04,1,0.682,0.5,0
2170-03-04,3,0.682,0.68,3
2170-03-04,4,0.682,0.91,0
2170-03-04,2,0.682,0.69,2
2170-03-04,5,0.682,0.54,2
2171-03-04,1,0.695,0.99,1
2171-03-04,3,0.695,0.85,3
2171-03-04,4,0.695,0.94,0
2171-03-04,2,0.695,0.45,0
2171-03-04,5,0.695,0.54,2
2170-04-04,1,0.5,0.88,1
2170-04-04,3,0.5,0.51,2
2170-04-04,4,0.5,0.58,0
2170-04-04,2,0.5,0.42,2
2170-04-04,5,0.5,0.52,2
2171-04-04,1,0.5579999999999999,0.99,0
2171-04-04,3,0.5579999999999999,0.68,3
2171-04-04,4,0.5579999999999999,0.68,1
2171-04-04,2,0.5579999999999999,0.67,2
2171-04-04,5,0.5579999999999999,0.52,0
2170-05-04,1,0.479,0.66,0
2170-05-04,3,0.479,0.86,3
2170-05-04,4,0.479,0.67,0
2170-05-04,2,0.479,0.57,2
2170-05-04,5,0.479,0.54,0
2170-06-04,1,0.657,0.86,1
2170-06-04,3,0.657,0.7,3
2170-06-04,4,0.657,0.7,1
2170-06-04,2,0.657,0.69,2
2170-06-04,5,0.657,0.62,2
2171-06-04,1,0.591,0.59,0
2171-06-04,3,0.591,0.78,3
2171-06-04,4,0.591,0.73,1
2171-06-04,2,0.591,0.58,2
2171-06-04,5,0.591,0.55,0
2170-07-04,1,0.54,0.73,1
2170-07-04,3,0.54,0.82,1
2170-07-04,4,0.54,0.88,0
2170-07-04,2,0.54,0.57,2
2170-07-04,5,0.54,0.51,0
2171-07-04,1,0.469,0.79,0
2171-07-04,3,0.469,0.7,3
2171-07-04,4,0.469,0.52,0
2171-07-04,2,0.469,0.48,0
2171-07-04,5,0.469,0.45,2
2170-08-04,1,0.536,0.9,1
2170-08-04,3,0.536,0.88,3
2170-08-04,4,0.536,0.8,0
2170-08-04,2,0.536,0.54,2
2170-08-04,5,0.536,0.46,2
2171-08-04,1,0.33399999999999996,1.0,1
2171-08-04,3,0.33399999999999996,0.96,0
2171-08-04,4,0.33399999999999996,0.66,0
2171-08-04,2,0.33399999999999996,0.7,2
2171-08-04,5,0.33399999999999996,0.38,2
2171-09-04,1,0.47600000000000003,0.66,1
2171-09-04,3,0.47600000000000003,0.83,0
2171-09-04,4,0.47600000000000003,0.7,0
2171-09-04,2,0.47600000000000003,0.64,2
2171-09-04,5,0.47600000000000003,0.35,2
2170-01-05,1,0.659,0.62,1
2170-01-05,3,0.659,0.82,3
2170-01-05,4,0.659,0.96,0
2170-01-05,2,0.659,0.32,2
2170-01-05,5,0.659,0.5,2
2171-01-05,1,0.7390000000000001,0.75,0
2171-01-05,3,0.7390000000000001,0.98,3
2171-01-05,4,0.7390000000000001,0.58,0
2171-01-05,2,0.7390000000000001,0.37,2
2171-01-05,5,0.7390000000000001,0.57,2
2170-10-05,1,0.657,1.0,1
2170-10-05,3,0.657,0.88,0
2170-10-05,4,0.657,0.73,0
2170-10-05,2,0.657,0.53,2
2170-10-05,5,0.657,0.56,2
2171-10-05,1,0.5870000000000001,0.99,1
2171-10-05,3,0.5870000000000001,0.92,3
2171-10-05,4,0.5870000000000001,0.5,0
2171-10-05,2,0.5870000000000001,0.61,2
2171-10-05,5,0.5870000000000001,0.34,0
2170-11-05,1,0.625,0.7,0
2170-11-05,3,0.625,0.74,3
2170-11-05,4,0.625,0.7,1
2170-11-05,2,0.625,0.47,2
2170-11-05,5,0.625,0.58,2
2171-11-05,1,0.6829999999999999,0.71,0
2171-11-05,3,0.6829999999999999,0.74,0
2171-11-05,4,0.6829999999999999,0.79,1
2171-11-05,2,0.6829999999999999,0.57,2
2171-11-05,5,0.6829999999999999,0.51,0
2170-12-05,1,0.134,0.88,1
2170-12-05,3,0.134,0.73,2
2170-12-05,4,0.134,0.64,0
2170-12-05,2,0.134,0.45,2
2170-12-05,5,0.134,0.57,0
2171-12-05,1,0.589,0.68,0
2171-12-05,3,0.589,0.78,2
2171-12-05,4,0.589,0.63,0
2171-12-05,2,0.589,0.5,0
2171-12-05,5,0.589,0.65,2
2170-02-05,1,0.722,0.93,0
2170-02-05,3,0.722,0.59,2
2170-02-05,4,0.722,0.77,0
2170-02-05,2,0.722,0.39,0
2170-02-05,5,0.722,0.5,2
2171-02-05,1,0.721,0.54,0
2171-02-05,3,0.721,0.72,3
2171-02-05,4,0.721,0.83,1
2171-02-05,2,0.721,0.31,2
2171-02-05,5,0.721,0.51,0
2170-03-05,1,0.525,0.9,1
2170-03-05,3,0.525,0.66,2
2170-03-05,4,0.525,0.85,1
2170-03-05,2,0.525,0.32,0
2170-03-05,5,0.525,0.53,2
2171-03-05,1,0.6609999999999999,0.51,0
2171-03-05,3,0.6609999999999999,0.68,0
2171-03-05,4,0.6609999999999999,0.55,0
2171-03-05,2,0.6609999999999999,0.48,0
2171-03-05,5,0.6609999999999999,0.52,2
2170-04-05,1,0.345,0.55,0
2170-04-05,3,0.345,0.76,3
2170-04-05,4,0.345,0.94,0
2170-04-05,2,0.345,0.62,2
2170-04-05,5,0.345,0.31,0
2171-04-05,1,0.415,0.5,0
2171-04-05,3,0.415,0.64,2
2171-04-05,4,0.415,0.69,1
2171-04-05,2,0.415,0.32,0
2171-04-05,5,0.415,0.31,0
2170-05-05,1,0.7070000000000001,0.51,0
2170-05-05,3,0.7070000000000001,0.63,3
2170-05-05,4,0.7070000000000001,0.62,0
2170-05-05,2,0.7070000000000001,0.35,2
2170-05-05,5,0.7070000000000001,0.42,2
2171-05-05,1,0.493,0.62,0
2171-05-05,3,0.493,0.54,0
2171-05-05,4,0.493,0.75,0
2171-05-05,2,0.493,0.4,0
2171-05-05,5,0.493,0.68,2
2170-06-05,1,0.502,0.83,1
2170-06-05,3,0.502,0.92,3
2170-06-05,4,0.502,0.54,0
2170-06-05,2,0.502,0.64,2
2170-06-05,5,0.502,0.46,2
2171-06-05,1,0.47600000000000003,0.73,0
2171-06-05,3,0.47600000000000003,0.96,3
2171-06-05,4,0.47600000000000003,0.84,1
2171-06-05,2,0.47600000000000003,0.46,2
2171-06-05,5,0.47600000000000003,0.34,2
2170-07-05,1,0.547,0.86,1
2170-07-05,3,0.547,0.82,1
2170-07-05,4,0.547,0.67,0
2170-07-05,2,0.547,0.7,0
2170-07-05,5,0.547,0.32,2
2171-07-05,1,0.35,0.9,0
2171-07-05,3,0.35,0.73,3
2171-07-05,4,0.35,0.78,0
2171-07-05,2,0.35,0.38,2
2171-07-05,5,0.35,0.6,0
2170-08-05,1,0.441,0.63,0
2170-08-05,3,0.441,0.75,2
2170-08-05,4,0.441,0.59,0
2170-08-05,2,0.441,0.33,2
2170-08-05,5,0.441,0.37,2
2171-09-05,1,0.5539999999999999,0.54,0
2171-09-05,3,0.5539999999999999,0.79,0
2171-09-05,4,0.5539999999999999,0.56,0
2171-09-05,2,0.5539999999999999,0.66,2
2171-09-05,5,0.5539999999999999,0.3,2
2170-01-06,1,0.621,0.93,0
2170-01-06,3,0.621,0.93,3
2170-01-06,4,0.621,0.8,1
2170-01-06,2,0.621,0.61,0
2170-01-06,5,0.621,0.53,2
2171-01-06,1,0.607,0.59,0
2171-01-06,3,0.607,0.57,2
2171-01-06,4,0.607,0.9,1
2171-01-06,2,0.607,0.61,2
2171-01-06,5,0.607,0.66,2
2170-10-06,1,0.67,0.98,0
2170-10-06,3,0.67,0.54,2
2170-10-06,4,0.67,0.62,0
2170-10-06,2,0.67,0.62,2
2170-10-06,5,0.67,0.62,2
2171-10-06,1,0.659,0.53,0
2171-10-06,3,0.659,0.51,2
2171-10-06,4,0.659,0.57,0
2171-10-06,2,0.659,0.36,2
2171-10-06,5,0.659,0.64,2
2170-11-06,1,0.747,0.56,0
2170-11-06,3,0.747,0.89,2
2170-11-06,4,0.747,0.95,0
2170-11-06,2,0.747,0.56,2
2170-11-06,5,0.747,0.51,0
2171-11-06,1,0.54,0.74,1
2171-11-06,3,0.54,0.63,2
2171-11-06,4,0.54,0.64,1
2171-11-06,2,0.54,0.68,2
2171-11-06,5,0.54,0.61,0
2170-12-06,1,0.725,0.9,0
2170-12-06,3,0.725,0.85,3
2170-12-06,4,0.725,0.81,0
2170-12-06,2,0.725,0.36,2
2170-12-06,5,0.725,0.41,0
2171-12-06,1,0.633,0.69,0
2171-12-06,3,0.633,0.98,3
2171-12-06,4,0.633,0.64,1
2171-12-06,2,0.633,0.39,2
2171-12-06,5,0.633,0.55,2
2170-02-06,1,0.74,0.81,0
2170-02-06,3,0.74,0.99,2
2170-02-06,4,0.74,0.69,0
2170-02-06,2,0.74,0.51,2
2170-02-06,5,0.74,0.55,2
2171-02-06,1,0.596,0.81,1
2171-02-06,3,0.596,0.84,2
2171-02-06,4,0.596,0.96,1
2171-02-06,2,0.596,0.6,2
2171-02-06,5,0.596,0.46,2
2170-03-06,1,0.557,0.82,1
2170-03-06,3,0.557,0.51,2
2170-03-06,4,0.557,0.77,1
2170-03-06,2,0.557,0.44,2
2170-03-06,5,0.557,0.52,2
2171-03-06,1,0.6629999999999999,0.85,1
2171-03-06,3,0.6629999999999999,0.65,3
2171-03-06,4,0.6629999999999999,0.88,0
2171-03-06,2,0.6629999999999999,0.61,2
2171-03-06,5,0.6629999999999999,0.48,0
2170-04-06,1,0.297,0.53,0
2170-04-06,3,0.297,0.71,0
2170-04-06,4,0.297,0.56,0
2170-04-06,2,0.297,0.35,2
2170-04-06,5,0.297,0.34,2
2171-04-06,1,0.722,0.75,1
2171-04-06,3,0.722,0.91,3
2171-04-06,4,0.722,0.78,0
2171-04-06,2,0.722,0.4,2
2171-04-06,5,0.722,0.49,2
2170-05-06,1,0.46299999999999997,0.69,0
2170-05-06,3,0.46299999999999997,0.8,0
2170-05-06,4,0.46299999999999997,0.9,0
2170-05-06,2,0.46299999999999997,0.59,2
2170-05-06,5,0.46299999999999997,0.44,2
2171-05-06,1,0.586,0.55,0
2171-05-06,3,0.586,0.79,3
2171-05-06,4,0.586,0.96,0
2171-05-06,2,0.586,0.51,2
2171-05-06,5,0.586,0.51,2
2170-06-06,1,0.39399999999999996,0.76,1
2170-06-06,3,0.39399999999999996,0.92,3
2170-06-06,4,0.39399999999999996,0.98,1
2170-06-06,2,0.39399999999999996,0.42,0
2170-06-06,5,0.39399999999999996,0.39,0
2171-06-06,1,0.426,0.96,0
2171-06-06,3,0.426,0.93,2
2171-06-06,4,0.426,0.76,1
2171-06-06,2,0.426,0.31,2
2171-06-06,5,0.426,0.59,2
2170-07-06,1,0.579,0.68,0
2170-07-06,3,0.579,0.63,3
2170-07-06,4,0.579,0.57,0
2170-07-06,2,0.579,0.58,2
2170-07-06,5,0.579,0.65,2
2171-07-06,1,0.285,0.65,1
2171-07-06,3,0.285,0.75,3
2171-07-06,4,0.285,0.53,0
2171-07-06,2,0.285,0.33,0
2171-07-06,5,0.285,0.42,2
2170-08-06,1,0.5660000000000001,0.91,0
2170-08-06,3,0.5660000000000001,0.67,2
2170-08-06,4,0.5660000000000001,0.61,0
2170-08-06,2,0.5660000000000001,0.42,2
2170-08-06,5,0.5660000000000001,0.57,2
2171-08-06,1,0.34,0.68,0
2171-08-06,3,0.34,0.53,0
2171-08-06,4,0.34,0.87,0
2171-08-06,2,0.34,0.54,2
2171-08-06,5,0.34,0.59,2
2171-09-06,1,0.467,0.58,0
2171-09-06,3,0.467,0.5,2
2171-09-06,4,0.467,0.69,0
2171-09-06,2,0.467,0.39,2
2171-09-06,5,0.467,0.65,0
2170-01-07,1,0.722,0.75,0
2170-01-07,3,0.722,0.51,2
2170-01-07,4,0.722,0.74,1
2170-01-07,2,0.722,0.63,2
2170-01-07,5,0.722,0.66,2
2171-01-07,1,0.612,0.92,0
2171-01-07,3,0.612,0.85,3
2171-01-07,4,0.612,0.81,0
2171-01-07,2,0.612,0.56,2
2171-01-07,5,0.612,0.68,0
2170-10-07,1,0.63,0.65,0
2170-10-07,3,0.63,0.64,2
2170-10-07,4,0.63,0.95,1
2170-10-07,2,0.63,0.32,2
2170-10-07,5,0.63,0.66,2
2171-10-07,1,0.675,0.95,0
2171-10-07,3,0.675,0.94,0
2171-10-07,4,0.675,0.55,0
2171-10-07,2,0.675,0.64,2
2171-10-07,5,0.675,0.55,2
2170-11-07,1,0.7140000000000001,0.94,0
2170-11-07,3,0.7140000000000001,0.84,0
2170-11-07,4,0.7140000000000001,0.89,1
2170-11-07,2,0.7140000000000001,0.36,2
2170-11-07,5,0.7140000000000001,0.34,2
2171-11-07,1,0.647,0.85,0
2171-11-07,3,0.647,0.96,0
2171-11-07,4,0.647,0.94,1
2171-11-07,2,0.647,0.36,0
2171-11-07,5,0.647,0.31,2
2170-12-07,1,0.7929999999999999,0.62,1
2170-12-07,3,0.7929999999999999,0.96,3
2170-12-07,4,0.7929999999999999,0.99,1
2170-12-07,2,0.7929999999999999,0.65,2
2170-12-07,5,0.7929999999999999,0.44,2
2171-12-07,1,0.593,0.93,1
2171-12-07,3,0.593,0.82,2
2171-12-07,4,0.593,0.86,1
2171-12-07,2,0.593,0.44,0
2171-12-07,5,0.593,0.44,2
2170-02-07,1,0.695,0.89,1
2170-02-07,3,0.695,0.59,2
2170-02-07,4,0.695,0.59,0
2170-02-07,2,0.695,0.36,2
2170-02-07,5,0.695,0.56,2
2171-02-07,1,0.632,0.55,0
2171-02-07,3,0.632,0.52,2
2171-02-07,4,0.632,0.75,1
2171-02-07,2,0.632,0.44,2
2171-02-07,5,0.632,0.67,2
2170-03-07,1,0.679,0.88,0
2170-03-07,3,0.679,0.55,2
2170-03-07,4,0.679,0.71,0
2170-03-07,2,0.679,0.63,2
2170-03-07,5,0.679,0.48,2
2171-03-07,1,0.637,0.71,0
2171-03-07,3,0.637,0.68,0
2171-03-07,4,0.637,0.68,0
2171-03-07,2,0.637,0.69,0
2171-03-07,5,0.637,0.43,2
2170-04-07,1,0.3,0.82,0
2170-04-07,3,0.3,0.92,3
2170-04-07,4,0.3,0.6,0
2170-04-07,2,0.3,0.49,2
2170-04-07,5,0.3,0.44,2
2171-04-07,1,0.595,0.53,0
2171-04-07,3,0.595,0.95,1
2171-04-07,4,0.595,0.96,1
2171-04-07,2,0.595,0.57,2
2171-04-07,5,0.595,0.44,0
2170-05-07,1,0.628,0.78,1
2170-05-07,3,0.628,0.6,2
2170-05-07,4,0.628,0.79,1
2170-05-07,2,0.628,0.6,0
2170-05-07,5,0.628,0.64,2
2171-05-07,1,0.484,0.52,0
2171-05-07,3,0.484,0.57,2
2171-05-07,4,0.484,0.53,0
2171-05-07,2,0.484,0.57,0
2171-05-07,5,0.484,0.56,2
2170-06-07,1,0.436,0.62,1
2170-06-07,3,0.436,0.75,0
2170-06-07,4,0.436,0.83,1
2170-06-07,2,0.436,0.49,2
2170-06-07,5,0.436,0.69,2
2171-06-07,1,0.513,0.57,0
2171-06-07,3,0.513,0.63,3
2171-06-07,4,0.513,0.66,0
2171-06-07,2,0.513,0.67,2
2171-06-07,5,0.513,0.58,2
2170-07-07,1,0.48100000000000004,0.89,0
2170-07-07,3,0.48100000000000004,0.9,2
2170-07-07,4,0.48100000000000004,0.5,0
2170-07-07,2,0.48100000000000004,0.56,2
2170-07-07,5,0.48100000000000004,0.55,2
2171-07-07,1,0.397,0.79,1
2171-07-07,3,0.397,0.53,2
2171-07-07,4,0.397,0.64,0
2171-07-07,2,0.397,0.37,2
2171-07-07,5,0.397,0.52,2
2170-08-07,1,0.5379999999999999,0.68,0
2170-08-07,3,0.5379999999999999,0.89,3
2170-08-07,4,0.5379999999999999,0.57,0
2170-08-07,2,0.5379999999999999,0.54,2
2170-08-07,5,0.5379999999999999,0.33,0
2171-08-07,1,0.271,0.6,0
2171-08-07,3,0.271,0.65,3
2171-08-07,4,0.271,0.87,1
2171-08-07,2,0.271,0.66,2
2171-08-07,5,0.271,0.4,2
2171-09-07,1,0.41,0.69,0
2171-09-07,3,0.41,0.64,2
2171-09-07,4,0.41,0.69,0
2171-09-07,2,0.41,0.36,0
2171-09-07,5,0.41,0.41,0
2170-01-08,1,0.629,0.6,0
2170-01-08,3,0.629,0.54,2
2170-01-08,4,0.629,0.58,0
2170-01-08,2,0.629,0.63,2
2170-01-08,5,0.629,0.42,2
2171-01-08,1,0.608,0.62,1
2171-01-08,3,0.608,0.83,2
2171-01-08,4,0.608,0.95,0
2171-01-08,2,0.608,0.51,0
2171-01-08,5,0.608,0.42,2
2170-10-08,1,0.642,0.79,0
2170-10-08,3,0.642,0.64,2
2170-10-08,4,0.642,0.77,1
2170-10-08,2,0.642,0.51,2
2170-10-08,5,0.642,0.64,2
2171-10-08,1,0.737,0.64,0
2171-10-08,3,0.737,0.5,2
2171-10-08,4,0.737,0.5,0
2171-10-08,2,0.737,0.69,0
2171-10-08,5,0.737,0.68,2
2170-11-08,1,0.6990000000000001,0.58,0
2170-11-08,3,0.6990000000000001,0.9,3
2170-11-08,4,0.6990000000000001,0.8,0
2170-11-08,2,0.6990000000000001,0.39,0
2170-11-08,5,0.6990000000000001,0.44,2
2171-11-08,1,0.7170000000000001,0.74,0
2171-11-08,3,0.7170000000000001,0.53,2
2171-11-08,4,0.7170000000000001,0.57,0
2171-11-08,2,0.7170000000000001,0.54,2
2171-11-08,5,0.7170000000000001,0.33,0
2170-12-08,1,0.6409999999999999,0.58,0
2170-12-08,3,0.6409999999999999,0.83,0
2170-12-08,4,0.6409999999999999,0.55,0
2170-12-08,2,0.6409999999999999,0.32,2
2170-12-08,5,0.6409999999999999,0.6,2
2171-12-08,1,0.748,0.82,1
2171-12-08,3,0.748,0.66,2
2171-12-08,4,0.748,0.71,1
2171-12-08,2,0.748,0.45,2
2171-12-08,5,0.748,0.34,2
2170-02-08,1,0.6709999999999999,0.66,0
2170-02-08,3,0.6709999999999999,0.94,0
2170-02-08,4,0.6709999999999999,0.84,1
2170-02-08,2,0.6709999999999999,0.63,2
2170-02-08,5,0.6709999999999999,0.49,0
2171-02-08,1,0.5479999999999999,0.87,0
2171-02-08,3,0.5479999999999999,0.86,3
2171-02-08,4,0.5479999999999999,0.67,0
2171-02-08,2,0.5479999999999999,0.53,0
2171-02-08,5,0.5479999999999999,0.34,2
2170-03-08,1,0.605,0.69,1
2170-03-08,3,0.605,0.54,2
2170-03-08,4,0.605,0.7,0
2170-03-08,2,0.605,0.37,2
2170-03-08,5,0.605,0.33,2
2171-03-08,1,0.615,0.63,1
2171-03-08,3,0.615,0.74,0
2171-03-08,4,0.615,0.83,1
2171-03-08,2,0.615,0.47,2
2171-03-08,5,0.615,0.45,2
2170-04-08,1,0.321,0.85,0
2170-04-08,3,0.321,1.0,3
2170-04-08,4,0.321,0.92,1
2170-04-08,2,0.321,0.54,2
2170-04-08,5,0.321,0.38,0
2171-04-08,1,0.599,0.97,0
2171-04-08,3,0.599,0.68,2
2171-04-08,4,0.599,0.68,1
2171-04-08,2,0.599,0.4,2
2171-04-08,5,0.599,0.66,2
2170-05-08,1,0.484,0.96,0
2170-05-08,3,0.484,0.52,2
2170-05-08,4,0.484,0.62,0
2170-05-08,2,0.484,0.67,2
2170-05-08,5,0.484,0.65,2
2171-05-08,1,0.511,0.94,0
2171-05-08,3,0.511,0.76,0
2171-05-08,4,0.511,0.68,1
2171-05-08,2,0.511,0.43,2
2171-05-08,5,0.511,0.5,0
2170-06-08,1,0.396,0.64,1
2170-06-08,3,0.396,0.53,2
2170-06-08,4,0.396,0.79,1
2170-06-08,2,0.396,0.6,0
2170-06-08,5,0.396,0.33,2
2171-06-08,1,0.614,0.84,1
2171-06-08,3,0.614,0.88,0
2171-06-08,4,0.614,0.81,1
2171-06-08,2,0.614,0.51,2
2171-06-08,5,0.614,0.49,2
2170-07-08,1,0.441,0.58,0
2170-07-08,3,0.441,0.8,3
2170-07-08,4,0.441,0.61,1
2170-07-08,2,0.441,0.43,2
2170-07-08,5,0.441,0.61,2
2171-07-08,1,0.355,0.53,0
2171-07-08,3,0.355,0.81,2
2171-07-08,4,0.355,0.76,1
2171-07-08,2,0.355,0.53,2
2171-07-08,5,0.355,0.49,2
2170-08-08,1,0.41600000000000004,0.91,1
2170-08-08,3,0.41600000000000004,0.75,1
2170-08-08,4,0.41600000000000004,0.92,1
2170-08-08,2,0.41600000000000004,0.64,0
2170-08-08,5,0.41600000000000004,0.64,2
2171-08-08,1,0.26899999999999996,0.68,1
2171-08-08,3,0.26899999999999996,0.76,2
2171-08-08,4,0.26899999999999996,0.71,0
2171-08-08,2,0.26899999999999996,0.61,0
2171-08-08,5,0.26899999999999996,0.67,2
2171-09-08,1,0.375,0.52,0
2171-09-08,3,0.375,0.65,3
2171-09-08,4,0.375,0.56,0
2171-09-08,2,0.375,0.31,2
2171-09-08,5,0.375,0.36,2
2170-01-09,1,0.649,0.9,0
2170-01-09,3,0.649,0.72,3
2170-01-09,4,0.649,0.92,0
2170-01-09,2,0.649,0.68,2
2170-01-09,5,0.649,0.47,2
2171-01-09,1,0.545,0.93,1
2171-01-09,3,0.545,0.58,2
2171-01-09,4,0.545,0.53,0
2171-01-09,2,0.545,0.45,2
2171-01-09,5,0.545,0.39,0
2170-10-09,1,0.72,0.64,1
2170-10-09,3,0.72,0.71,2
2170-10-09,4,0.72,0.81,0
2170-10-09,2,0.72,0.63,2
2170-10-09,5,0.72,0.58,0
2171-10-09,1,0.603,0.52,0
2171-10-09,3,0.603,0.99,1
2171-10-09,4,0.603,0.7,1
2171-10-09,2,0.603,0.38,0
2171-10-09,5,0.603,0.58,2
2170-11-09,1,0.805,0.84,1
2170-11-09,3,0.805,0.63,0
2170-11-09,4,0.805,0.82,1
2170-11-09,2,0.805,0.51,2
2170-11-09,5,0.805,0.52,2
2171-11-09,1,0.8009999999999999,0.92,0
2171-11-09,3,0.8009999999999999,0.84,3
2171-11-09,4,0.8009999999999999,0.8,0
2171-11-09,2,0.8009999999999999,0.48,2
2171-11-09,5,0.8009999999999999,0.61,0
2170-12-09,1,0.76,0.51,0
2170-12-09,3,0.76,0.97,0
2170-12-09,4,0.76,0.72,1
2170-12-09,2,0.76,0.6,2
2170-12-09,5,0.76,0.64,0
2171-12-09,1,0.8190000000000001,0.98,0
2171-12-09,3,0.8190000000000001,0.74,3
2171-12-09,4,0.8190000000000001,0.76,0
2171-12-09,2,0.8190000000000001,0.55,2
2171-12-09,5,0.8190000000000001,0.41,2
2170-02-09,1,0.758,0.57,0
2170-02-09,3,0.758,0.72,2
2170-02-09,4,0.758,0.55,0
2170-02-09,2,0.758,0.32,2
2170-02-09,5,0.758,0.49,2
2171-02-09,1,0.53,0.92,0
2171-02-09,3,0.53,0.66,3
2171-02-09,4,0.53,0.64,1
2171-02-09,2,0.53,0.54,2
2171-02-09,5,0.53,0.62,2
2170-03-09,1,0.486,0.55,0
2170-03-09,3,0.486,0.56,2
2170-03-09,4,0.486,0.74,1
2170-03-09,2,0.486,0.43,2
2170-03-09,5,0.486,0.49,2
2171-03-09,1,0.7140000000000001,0.61,0
2171-03-09,3,0.7140000000000001,0.7,2
2171-03-09,4,0.7140000000000001,0.63,0
2171-03-09,2,0.7140000000000001,0.64,2
2171-03-09,5,0.7140000000000001,0.66,2
2170-04-09,1,0.513,0.79,1
2170-04-09,3,0.513,0.82,2
2170-04-09,4,0.513,0.54,0
2170-04-09,2,0.513,0.41,2
2170-04-09,5,0.513,0.57,0
2171-04-09,1,0.46299999999999997,0.79,0
2171-04-09,3,0.46299999999999997,0.64,2
2171-04-09,4,0.46299999999999997,0.53,0
2171-04-09,2,0.46299999999999997,0.36,2
2171-04-09,5,0.46299999999999997,0.33,2
2170-05-09,1,0.624,0.51,0
2170-05-09,3,0.624,0.86,0
2170-05-09,4,0.624,0.92,0
2170-05-09,2,0.624,0.35,2
2170-05-09,5,0.624,0.43,0
2171-05-09,1,0.48,0.59,0
2171-05-09,3,0.48,0.95,3
2171-05-09,4,0.48,0.52,0
2171-05-09,2,0.48,0.32,2
2171-05-09,5,0.48,0.51,2
2170-06-09,1,0.40700000000000003,0.92,1
2170-06-09,3,0.40700000000000003,0.5,0
2170-06-09,4,0.40700000000000003,0.55,0
2170-06-09,2,0.40700000000000003,0.52,2
2170-06-09,5,0.40700000000000003,0.67,2
2171-06-09,1,0.5379999999999999,0.63,0
2171-06-09,3,0.5379999999999999,0.59,2
2171-06-09,4,0.5379999999999999,0.65,0
2171-06-09,2,0.5379999999999999,0.52,2
2171-06-09,5,0.5379999999999999,0.36,2
2170-07-09,1,0.47100000000000003,0.82,1
2170-07-09,3,0.47100000000000003,0.6,2
2170-07-09,4,0.47100000000000003,0.92,0
2170-07-09,2,0.47100000000000003,0.47,2
2170-07-09,5,0.47100000000000003,0.54,2
2171-07-09,1,0.32,0.98,0
2171-07-09,3,0.32,0.6,2
2171-07-09,4,0.32,0.65,0
2171-07-09,2,0.32,0.59,2
2171-07-09,5,0.32,0.59,0
2170-08-09,1,0.534,0.89,0
2170-08-09,3,0.534,0.97,2
2170-08-09,4,0.534,0.88,0
2170-08-09,2,0.534,0.33,0
2170-08-09,5,0.534,0.57,0
2171-08-09,1,0.287,0.66,0
2171-08-09,3,0.287,0.71,3
2171-08-09,4,0.287,0.93,1
2171-08-09,2,0.287,0.39,2
2171-08-09,5,0.287,0.36,2
2171-09-09,1,0.46799999999999997,0.86,0
2171-09-09,3,0.46799999999999997,0.74,3
2171-09-09,4,0.46799999999999997,0.53,0
2171-09-09,2,0.46799999999999997,0.42,2
2171-09-09,5,0.46799999999999997,0.64,0
